dataset,encoder,keep_ratio,metric,n_videos,dense,quality,delta_pp,ci_low_pp,ci_high_pp,source,source_export_sha256,identity_override_used,override_evidence,runtime_difference_note,step_ap_dense,step_ap_method,step_ap_delta_pp,method_prediction_source
ucf_crime,videomaev2,0.80,frame_roc_auc,290,80.63195770986712,80.89893986125115,0.26698215138402953,-0.592521078072734,1.2077500320593244,D:\PythonProject\VAD\work\result-review-20260923-r01\quality\ucf_crime\videomaev2\0p80_pair_select.json,26afdd76c1b7be83070be5baef70238c4e3241cb08c5b69dae5f06ff6d290839,True,D:\PythonProject\VAD\work\result-review-20260923-r01\reuse-receipts\ucf_crime\videomaev2\pair_select_0p80-reuse-receipt.json,User-accepted runtime difference; numerical equivalence unverified,19.29173007969029,19.326528419327555,0.03479833963726531,/data2/localdisk/fotile-icassp2027-kimi-20260919-a01/urdmu-official-predictions-budgetsweep-r02-reuse/ucf_crime/videomaev2/pair_select_0p80/predictions.jsonl
ucf_crime,videomaev2,0.40,frame_roc_auc,290,80.63195770986712,80.94647614626278,0.31451843639565097,-2.2652168553482475,2.942936589031953,D:\PythonProject\VAD\work\result-review-20260923-r01\quality\ucf_crime\videomaev2\0p40_pair_select.json,717b213a37f288aae946e26673142144ea22e5325ded96064f6587040bae8481,True,D:\PythonProject\VAD\work\result-review-20260923-r01\reuse-receipts\ucf_crime\videomaev2\pair_select_0p40-reuse-receipt.json,User-accepted runtime difference; numerical equivalence unverified,19.29173007969029,19.77448470866595,0.48275462897565957,/data2/localdisk/fotile-icassp2027-kimi-20260919-a01/urdmu-official-predictions-budgetsweep-r02-reuse/ucf_crime/videomaev2/pair_select_0p40/predictions.jsonl
ucf_crime,videomae,0.80,frame_roc_auc,290,80.54874498911657,80.54307459002435,-0.005670399092235215,-0.5444900577328154,0.6113049868479241,D:\PythonProject\VAD\work\result-review-20260923-r01\quality\ucf_crime\videomae\0p80_pair_select.json,98af9830c1a0981daf9bcc51f22294869c27d8640f679a26cdf17ea84f808ec7,True,D:\PythonProject\VAD\work\result-review-20260923-r01\reuse-receipts\ucf_crime\videomae\pair_select_0p80-reuse-receipt.json,User-accepted runtime difference; numerical equivalence unverified,18.821151875422874,18.832643384368808,0.011491508945932205,/data2/localdisk/fotile-icassp2027-kimi-20260919-a01/urdmu-official-predictions-budgetsweep-r02-reuse/ucf_crime/videomae/pair_select_0p80/predictions.jsonl
ucf_crime,videomae,0.40,frame_roc_auc,290,80.54874498911657,79.49564989622199,-1.0530950928945837,-2.9498644650144117,0.5454685240222039,D:\PythonProject\VAD\work\result-review-20260923-r01\quality\ucf_crime\videomae\0p40_pair_select.json,7e3e0ad6d8c42fa7ad0d8b9cabeb9107a14fe1a5d8c7e308a2b2beb9a78d4dd2,True,D:\PythonProject\VAD\work\result-review-20260923-r01\reuse-receipts\ucf_crime\videomae\pair_select_0p40-reuse-receipt.json,User-accepted runtime difference; numerical equivalence unverified,18.821151875422874,18.768600489471144,-0.052551385951732366,/data2/localdisk/fotile-icassp2027-kimi-20260919-a01/urdmu-official-predictions-budgetsweep-r02-reuse/ucf_crime/videomae/pair_select_0p40/predictions.jsonl
ucf_crime,timesformer,0.80,frame_roc_auc,290,78.6800666468279,78.74328978993897,0.06322314311107116,-0.5438258326179979,0.6737046586126565,D:\PythonProject\VAD\work\result-review-20260923-r01\quality\ucf_crime\timesformer\0p80_pair_select.json,66295a51302d9f7b38f4c96cf4a62c52b82d671e3b9c6aa1a7281c343e0356f9,,not recorded,,20.366241466696284,20.714591536982397,0.3483500702861131,/data2/localdisk/fotile-icassp2027-kimi-20260919-a01/urdmu-official-predictions-budgetsweep-r01/ucf_crime/timesformer/pair_select_0p80/predictions.jsonl
ucf_crime,timesformer,0.40,frame_roc_auc,290,78.6800666468279,79.23764441624496,0.5575777694170758,-1.435274482590791,2.521632627178079,D:\PythonProject\VAD\work\result-review-20260923-r01\quality\ucf_crime\timesformer\0p40_pair_select.json,6f8959e373b9eff8330f4bf9c567f3f16cba532d3cb0f15d1460e5adb546ad8c,,not recorded,,20.366241466696284,21.897555654180145,1.531314187483862,/data2/localdisk/fotile-icassp2027-kimi-20260919-a01/urdmu-official-predictions-budgetsweep-r01/ucf_crime/timesformer/pair_select_0p40/predictions.jsonl
xd_violence,videomaev2,0.80,frame_pr_auc,800,76.1810754931657,76.51909327288989,0.3380177797241979,0.1252504224761053,0.5723559083525317,D:\PythonProject\VAD\work\result-review-20260923-r01\quality\xd_violence\videomaev2\0p80_pair_select.json,1404196eca2a94f7cb14289605ee16e20e24e574d6427c1453e7eb6818f7e83e,True,D:\PythonProject\VAD\work\result-review-20260923-r01\reuse-receipts\xd_violence\videomaev2\pair_select_0p80-reuse-receipt.json,User-accepted runtime difference; numerical equivalence unverified,70.3330098598189,70.9714043908918,0.6383945310728945,/data2/localdisk/fotile-icassp2027-kimi-20260919-a01/urdmu-official-predictions-budgetsweep-r02-reuse/xd_violence/videomaev2/pair_select_0p80/predictions.jsonl
xd_violence,videomaev2,0.40,frame_pr_auc,800,76.1810754931657,75.81005904763063,-0.3710164455350662,-1.036160562377177,0.3955145965142781,D:\PythonProject\VAD\work\result-review-20260923-r01\quality\xd_violence\videomaev2\0p40_pair_select.json,a6cab7018e447f8573ea8d3617fff44b0e36c67cb970efe471c71fa0bb3ba355,True,D:\PythonProject\VAD\work\result-review-20260923-r01\reuse-receipts\xd_violence\videomaev2\pair_select_0p40-reuse-receipt.json,User-accepted runtime difference; numerical equivalence unverified,70.3330098598189,71.1076645989119,0.7746547390929948,/data2/localdisk/fotile-icassp2027-kimi-20260919-a01/urdmu-official-predictions-budgetsweep-r02-reuse/xd_violence/videomaev2/pair_select_0p40/predictions.jsonl
xd_violence,videomae,0.80,frame_pr_auc,800,70.3350719336289,70.65893870238811,0.3238667687592067,-0.02152600166984181,0.6723639947694822,D:\PythonProject\VAD\work\result-review-20260923-r01\quality\xd_violence\videomae\0p80_pair_select.json,79109ffe6e2111d2deedd26f9a6aa760423aebaf4087fd04d7a4f54d1d99e30d,True,D:\PythonProject\VAD\work\result-review-20260923-r01\reuse-receipts\xd_violence\videomae\pair_select_0p80-reuse-receipt.json,User-accepted runtime difference; numerical equivalence unverified,64.8647598077293,65.10526064031905,0.24050083258974064,/data2/localdisk/fotile-icassp2027-kimi-20260919-a01/urdmu-official-predictions-budgetsweep-r02-reuse/xd_violence/videomae/pair_select_0p80/predictions.jsonl
xd_violence,videomae,0.40,frame_pr_auc,800,70.3350719336289,71.11139776202779,0.7763258283988939,-0.09246516365720657,1.6409119901091438,D:\PythonProject\VAD\work\result-review-20260923-r01\quality\xd_violence\videomae\0p40_pair_select.json,ab43c4806ee6a953c95b6ab444f9013de3f69f88c265304431ec5904011d439b,True,D:\PythonProject\VAD\work\result-review-20260923-r01\reuse-receipts\xd_violence\videomae\pair_select_0p40-reuse-receipt.json,User-accepted runtime difference; numerical equivalence unverified,64.8647598077293,63.47059451064986,-1.3941652970794416,/data2/localdisk/fotile-icassp2027-kimi-20260919-a01/urdmu-official-predictions-budgetsweep-r02-reuse/xd_violence/videomae/pair_select_0p40/predictions.jsonl
xd_violence,timesformer,0.80,frame_pr_auc,800,76.68943058776416,77.2098936249676,0.5204630372034447,0.3010069707474419,0.7289844451526467,D:\PythonProject\VAD\work\result-review-20260923-r01\quality\xd_violence\timesformer\0p80_pair_select.json,ccca7df706a6740d86d433fca86790bfdfae774d79f3439ff07c5f83f4dfdbd0,,not recorded,,70.86283147626659,71.62606690087094,0.763235424604336,/data2/localdisk/fotile-icassp2027-kimi-20260919-a01/urdmu-official-predictions-budgetsweep-r01/xd_violence/timesformer/pair_select_0p80/predictions.jsonl
xd_violence,timesformer,0.40,frame_pr_auc,800,76.68943058776416,77.0468107969046,0.35738020914043434,-0.40327646520439686,1.0921056275477694,D:\PythonProject\VAD\work\result-review-20260923-r01\quality\xd_violence\timesformer\0p40_pair_select.json,cfaeb8c0c65ce603882bb352de0968bbaf227b39ba55a75c231914fa01fc68e2,,not recorded,,70.86283147626659,72.02819282268807,1.1653613464214785,/data2/localdisk/fotile-icassp2027-kimi-20260919-a01/urdmu-official-predictions-budgetsweep-r01/xd_violence/timesformer/pair_select_0p40/predictions.jsonl
