evidence_file,sha256
evidence_snapshot/PACKAGE_README.md,0d61d7a65e816f03602a4f48937cc8effb84c53fa9c95117b8df048ebc0b5469
evidence_snapshot/PROMPT_FOR_GPT6PRO.md,bd7b7e9e28b41296eff87ac0a15736c2e68e3997b0cb630e174bb24e093e58c5
evidence_snapshot/evidence/batch-scaling/RESULTS.md,ea30b1d166864c5c804735fe2643df19cdd458a3b8266a2431c43a80522c6698
evidence_snapshot/evidence/batch-scaling/results/timesformer/result.json,c311effc2c456b94969bc0e0d0ce8395e5bad9799d3447591c47d9c8c0ffb224
evidence_snapshot/evidence/batch-scaling/results/videomae/result.json,c5b5e8ac839660249e1e1459cb75cec56714d4c2b7b74381a1b08d4e2c1d7fdc
evidence_snapshot/evidence/batch-scaling/results/videomaev2/result.json,2e4cdc90ebb40c3c6c1b8b0904c337cb3e00c23a5150e533c21824e7e6880cbc
evidence_snapshot/evidence/dsanet/RESULTS_PUBLISHED_20260923.md,8669cf71b1b1dcd5465423cc8e30ab5652adfe591b531b5c60e0bf4f81e62f1f
evidence_snapshot/evidence/dsanet/benchmark/ucf-r00.json,64b58b347b7bdc40ffe9616c5bb72e7e497f5ed3225ad15b08a4f31bff1ed9e7
evidence_snapshot/evidence/dsanet/benchmark/ucf-r01.json,7b74e3fa9d2ba963d5660478f2f752a0fb5dcc9ff3fcb083283f337ddca46ade
evidence_snapshot/evidence/dsanet/benchmark/ucf-r02.json,62604b4528bc1d2cf609c79fee43e92168d18ebc3a06f07caa85366328f70797
evidence_snapshot/evidence/dsanet/benchmark/ucf-summary.json,3bf7eea90142dadaf137e3267e119502fdf71604cad624af2abe4a0bedd3f6d1
evidence_snapshot/evidence/dsanet/benchmark/xd-r00.json,16dc571b1b6d1b8646915089fb9452ce327500018997ec9fac301828102fa1a5
evidence_snapshot/evidence/dsanet/benchmark/xd-r01.json,d5f811754448ecf57a3978d1db45be9f31bb0286e129ddc66cc30a8051a62544
evidence_snapshot/evidence/dsanet/benchmark/xd-r02.json,10faeccd3a5ca22ef3faf9ab76a8bda4a5be6e27a558069f7059356e4c29e98b
evidence_snapshot/evidence/dsanet/benchmark/xd-summary.json,54fa00ac289f1bd1ad5b8c7523e0e808249dabdb7d321dff6f6ab6312dfd4b2c
evidence_snapshot/evidence/dsanet/results_published/pipeline-exclusive-r02/ucf-0.4-r0.json,b3b09ab4375d1f8c226e45638aef9a1137adf68cc3fdb159753fb2a8b4919cd0
evidence_snapshot/evidence/dsanet/results_published/pipeline-exclusive-r02/ucf-0.4-r1.json,780d84d515ed055391f39a091e429c2e7129436d042f643fb552800aaaf9a065
evidence_snapshot/evidence/dsanet/results_published/pipeline-exclusive-r02/ucf-0.4-r2.json,450a425dfc352a89c46115457602ed500a90f3a95a6bd9c2a4028b2529125ca6
evidence_snapshot/evidence/dsanet/results_published/pipeline-exclusive-r02/ucf-0.6-r0.json,62eb0741de8ce16e86f9ba9fb71cfb056e1f9381ba76d68427a09e897cf03df3
evidence_snapshot/evidence/dsanet/results_published/pipeline-exclusive-r02/ucf-0.6-r1.json,18e0b04548ed8117d6da34b146e9d6decacd34158c3dc424963daed63df8f17d
evidence_snapshot/evidence/dsanet/results_published/pipeline-exclusive-r02/ucf-0.6-r2.json,6e0fc191d0fcb178f3c2958d9c96a76749132128901e7a3ca97d777c416ab049
evidence_snapshot/evidence/dsanet/results_published/pipeline-exclusive-r02/ucf-0.8-r0.json,d078fb05bf8bec704a9f1891ede3bd264b7243bc3ce58fb5f33b1f69b8907df7
evidence_snapshot/evidence/dsanet/results_published/pipeline-exclusive-r02/ucf-0.8-r1.json,11742c9ec759f15536017bd6b4f0ee56ce96a0579b75cf279f9a9e67cb514399
evidence_snapshot/evidence/dsanet/results_published/pipeline-exclusive-r02/ucf-0.8-r2.json,b31f56319f99041129e3677b02de7b7c51f514fecc61f35dc6704f904afda4d7
evidence_snapshot/evidence/dsanet/results_published/pipeline-exclusive-r02/ucf-dense-r0.json,8f5e7cd7a931a66351ddb96b1b4df6dcdd4a387412d712b4923d9efcb859e0f3
evidence_snapshot/evidence/dsanet/results_published/pipeline-exclusive-r02/ucf-dense-r1.json,a2fffbcd3f5f56df644c98bc7f2e888945178a2cc4f23fa7ee1e4c727e5657bb
evidence_snapshot/evidence/dsanet/results_published/pipeline-exclusive-r02/ucf-dense-r2.json,d3c44a03a9ae06bc377757fc3cfaffad2867be857af78da621ee8175e4b6a8a2
evidence_snapshot/evidence/dsanet/results_published/pipeline-exclusive-r02/xd-0.4-r0.json,9d719aa20f4a78a1991d8d26eeb95bbf302b7ea096fff83af38669ae3eb75d1c
evidence_snapshot/evidence/dsanet/results_published/pipeline-exclusive-r02/xd-0.4-r1.json,ec70e6bbcf1a053574ce994ee6c62a4c1b38d87345c3edc7a5d5f27bf1037ff2
evidence_snapshot/evidence/dsanet/results_published/pipeline-exclusive-r02/xd-0.4-r2.json,8f1fb05e0dce42c1d3850084b1a5e04a819d7160cbce9e7faab6d2cb30c0bf59
evidence_snapshot/evidence/dsanet/results_published/pipeline-exclusive-r02/xd-0.6-r0.json,0bf8994dc64ec85a6b9a331bae69120742a1940de851d7647b3862aae8e6cb20
evidence_snapshot/evidence/dsanet/results_published/pipeline-exclusive-r02/xd-0.6-r1.json,67fc096d97b6d57d2baeed6b79f26158fa0153ecb5c4c76b3ddd514b05adfe16
evidence_snapshot/evidence/dsanet/results_published/pipeline-exclusive-r02/xd-0.6-r2.json,13feadaa14e206d88d9559ba91dec1d586834492a4f491a216f76056a5e71743
evidence_snapshot/evidence/dsanet/results_published/pipeline-exclusive-r02/xd-0.8-r0.json,d710ad7c05bf85cbe46e5222b635389ffd27b1c584c3292f89e75bd9a86b148d
evidence_snapshot/evidence/dsanet/results_published/pipeline-exclusive-r02/xd-0.8-r1.json,5043c35d2e00d84bf2b4eb788d2cba7db2fb55da1b323d35d0a24c656c0f3561
evidence_snapshot/evidence/dsanet/results_published/pipeline-exclusive-r02/xd-0.8-r2.json,0e0ae185dee47b53c1728cf358c4579b4591f19c532cdc539ad8d28f94e4c11c
evidence_snapshot/evidence/dsanet/results_published/pipeline-exclusive-r02/xd-dense-r0.json,e0b27f7a03a54b67666d66183a2c71098c9ce451788d54119eaeb6dab6219e87
evidence_snapshot/evidence/dsanet/results_published/pipeline-exclusive-r02/xd-dense-r1.json,33461f930388345e369558d8093056a8e84903565885a36238e3e915986a8ba3
evidence_snapshot/evidence/dsanet/results_published/pipeline-exclusive-r02/xd-dense-r2.json,cdf24922151793fe5c7d76e76be399481623baadec5a7f5bcd7849fcde05530f
evidence_snapshot/evidence/dsanet/results_published/quality-ucf.json,a20cff6786418911cad62efa4e495e21f628abc6192a69da1d99ca893538331c
evidence_snapshot/evidence/dsanet/results_published/quality-xd.json,bf7ba17487b41512a0e19265c451acb661649133d42e39d42e02a878388d104e
evidence_snapshot/evidence/dsanet/sealed_test_features.json,427e22b90f6f1f09d9509e84cc19b5d8ffd44658342ca00e319ffc54517a30eb
evidence_snapshot/evidence/three-video-encoders/RESULTS.md,6a014fd7e52fecda746a45a89b5c257d48650455bfa472e58d14ce13376f2e20
evidence_snapshot/evidence/three-video-encoders/efficiency-summary.json,463bc3edf72008f7a310c58c4d0d8034f716e83c99b41f83c664268d03315488
evidence_snapshot/evidence/three-video-encoders/quality/ucf_crime/timesformer/0p40_pair_select.json,6f8959e373b9eff8330f4bf9c567f3f16cba532d3cb0f15d1460e5adb546ad8c
evidence_snapshot/evidence/three-video-encoders/quality/ucf_crime/timesformer/0p80_pair_select.json,66295a51302d9f7b38f4c96cf4a62c52b82d671e3b9c6aa1a7281c343e0356f9
evidence_snapshot/evidence/three-video-encoders/quality/ucf_crime/videomae/0p40_pair_select.json,7e3e0ad6d8c42fa7ad0d8b9cabeb9107a14fe1a5d8c7e308a2b2beb9a78d4dd2
evidence_snapshot/evidence/three-video-encoders/quality/ucf_crime/videomae/0p80_pair_select.json,98af9830c1a0981daf9bcc51f22294869c27d8640f679a26cdf17ea84f808ec7
evidence_snapshot/evidence/three-video-encoders/quality/ucf_crime/videomaev2/0p40_pair_select.json,717b213a37f288aae946e26673142144ea22e5325ded96064f6587040bae8481
evidence_snapshot/evidence/three-video-encoders/quality/ucf_crime/videomaev2/0p80_pair_select.json,26afdd76c1b7be83070be5baef70238c4e3241cb08c5b69dae5f06ff6d290839
evidence_snapshot/evidence/three-video-encoders/quality/xd_violence/timesformer/0p40_pair_select.json,cfaeb8c0c65ce603882bb352de0968bbaf227b39ba55a75c231914fa01fc68e2
evidence_snapshot/evidence/three-video-encoders/quality/xd_violence/timesformer/0p80_pair_select.json,ccca7df706a6740d86d433fca86790bfdfae774d79f3439ff07c5f83f4dfdbd0
evidence_snapshot/evidence/three-video-encoders/quality/xd_violence/videomae/0p40_pair_select.json,ab43c4806ee6a953c95b6ab444f9013de3f69f88c265304431ec5904011d439b
evidence_snapshot/evidence/three-video-encoders/quality/xd_violence/videomae/0p80_pair_select.json,79109ffe6e2111d2deedd26f9a6aa760423aebaf4087fd04d7a4f54d1d99e30d
evidence_snapshot/evidence/three-video-encoders/quality/xd_violence/videomaev2/0p40_pair_select.json,a6cab7018e447f8573ea8d3617fff44b0e36c67cb970efe471c71fa0bb3ba355
evidence_snapshot/evidence/three-video-encoders/quality/xd_violence/videomaev2/0p80_pair_select.json,1404196eca2a94f7cb14289605ee16e20e24e574d6427c1453e7eb6818f7e83e
evidence_snapshot/evidence/three-video-encoders/references/quality_matrix_detail.csv,320fcda17995664de1de4003ceaba58d268fb31d2c1dabe3907e229eecbafaee
evidence_snapshot/evidence/three-video-encoders/results.json,bbd14818258b7506a91ce4d5b94d377c9fe78565116e2e3a5f4aeaaff864cb80
evidence_snapshot/server_evidence/code-bsw-r01/src/vadbench/token_reduction/deployment.py,cbbecae3ee6fb42d08dffaf63880f674408e24ff1ed1b1adabe637b3d85941d9
evidence_snapshot/server_evidence/code-bsw-r01/src/vadbench/token_reduction/token_selection.py,d7f4a2d969677694e891b02de811a1e4cb6bc64743fc8dc5735dbbf20e419ea5
evidence_snapshot/server_evidence/dsanet-extension-20260923-r01/code/clip_bridge.py,d71d940b512b04c2696d862d4cef54876d558a8852a0f4c52949b0b9fdbf911c
evidence_snapshot/server_evidence/official_dsanet_source/README.md,151ad4c1adf9a75ed47870db39b7fe1f76c78de30aa0fa5ca7e3ce7033f45a37
