claim,evidence_file,field,value,operation,sha256
ucf_crime/videomaev2/keep0.6/method_value,evidence_snapshot/evidence/three-video-encoders/references/quality_matrix_detail.csv,"row[dataset=ucf_crime,encoder=videomaev2,method=pair_select].method_value",81.01937062483191,multiply by 100,320fcda17995664de1de4003ceaba58d268fb31d2c1dabe3907e229eecbafaee
ucf_crime/videomaev2/keep0.6/xd_average_precision_method,evidence_snapshot/evidence/three-video-encoders/references/quality_matrix_detail.csv,"row[dataset=ucf_crime,encoder=videomaev2,method=pair_select].xd_average_precision_method",19.601799479996377,multiply by 100,320fcda17995664de1de4003ceaba58d268fb31d2c1dabe3907e229eecbafaee
ucf_crime/videomaev2/keep0.6/delta_pp,evidence_snapshot/evidence/three-video-encoders/references/quality_matrix_detail.csv,"row[dataset=ucf_crime,encoder=videomaev2,method=pair_select].delta_pp",0.3874129149647798,multiply by 1,320fcda17995664de1de4003ceaba58d268fb31d2c1dabe3907e229eecbafaee
ucf_crime/videomaev2/keep0.6/ci_low,evidence_snapshot/evidence/three-video-encoders/references/quality_matrix_detail.csv,"row[dataset=ucf_crime,encoder=videomaev2,method=pair_select].ci_low",-0.9435274264536343,multiply by 100,320fcda17995664de1de4003ceaba58d268fb31d2c1dabe3907e229eecbafaee
ucf_crime/videomaev2/keep0.6/ci_high,evidence_snapshot/evidence/three-video-encoders/references/quality_matrix_detail.csv,"row[dataset=ucf_crime,encoder=videomaev2,method=pair_select].ci_high",1.9043476561958588,multiply by 100,320fcda17995664de1de4003ceaba58d268fb31d2c1dabe3907e229eecbafaee
ucf_crime/videomaev2/keep0.6/dense_value,evidence_snapshot/evidence/three-video-encoders/references/quality_matrix_detail.csv,"row[dataset=ucf_crime,encoder=videomaev2,method=pair_select].dense_value",80.63195770986712,multiply by 100,320fcda17995664de1de4003ceaba58d268fb31d2c1dabe3907e229eecbafaee
ucf_crime/videomaev2/keep0.6/xd_average_precision_dense,evidence_snapshot/evidence/three-video-encoders/references/quality_matrix_detail.csv,"row[dataset=ucf_crime,encoder=videomaev2,method=pair_select].xd_average_precision_dense",19.29173007969029,multiply by 100,320fcda17995664de1de4003ceaba58d268fb31d2c1dabe3907e229eecbafaee
ucf_crime/videomaev2/keep0.8/primary,evidence_snapshot/evidence/three-video-encoders/quality/ucf_crime/videomaev2/0p80_pair_select.json,metric.method_value,80.89893986125115,multiply by 100,26afdd76c1b7be83070be5baef70238c4e3241cb08c5b69dae5f06ff6d290839
ucf_crime/videomaev2/keep0.8/dense,evidence_snapshot/evidence/three-video-encoders/quality/ucf_crime/videomaev2/0p80_pair_select.json,metric.dense_value,80.63195770986712,multiply by 100,26afdd76c1b7be83070be5baef70238c4e3241cb08c5b69dae5f06ff6d290839
ucf_crime/videomaev2/keep0.8/step_ap,evidence_snapshot/evidence/three-video-encoders/quality/ucf_crime/videomaev2/0p80_pair_select.json,frame_ap_step.method,19.326528419327555,multiply by 100,26afdd76c1b7be83070be5baef70238c4e3241cb08c5b69dae5f06ff6d290839
ucf_crime/videomaev2/keep0.8/ci_low,evidence_snapshot/evidence/three-video-encoders/quality/ucf_crime/videomaev2/0p80_pair_select.json,metric.ci_low,-0.592521078072734,multiply by 100,26afdd76c1b7be83070be5baef70238c4e3241cb08c5b69dae5f06ff6d290839
ucf_crime/videomaev2/keep0.8/ci_high,evidence_snapshot/evidence/three-video-encoders/quality/ucf_crime/videomaev2/0p80_pair_select.json,metric.ci_high,1.2077500320593244,multiply by 100,26afdd76c1b7be83070be5baef70238c4e3241cb08c5b69dae5f06ff6d290839
ucf_crime/videomaev2/keep0.4/primary,evidence_snapshot/evidence/three-video-encoders/quality/ucf_crime/videomaev2/0p40_pair_select.json,metric.method_value,80.94647614626278,multiply by 100,717b213a37f288aae946e26673142144ea22e5325ded96064f6587040bae8481
ucf_crime/videomaev2/keep0.4/dense,evidence_snapshot/evidence/three-video-encoders/quality/ucf_crime/videomaev2/0p40_pair_select.json,metric.dense_value,80.63195770986712,multiply by 100,717b213a37f288aae946e26673142144ea22e5325ded96064f6587040bae8481
ucf_crime/videomaev2/keep0.4/step_ap,evidence_snapshot/evidence/three-video-encoders/quality/ucf_crime/videomaev2/0p40_pair_select.json,frame_ap_step.method,19.77448470866595,multiply by 100,717b213a37f288aae946e26673142144ea22e5325ded96064f6587040bae8481
ucf_crime/videomaev2/keep0.4/ci_low,evidence_snapshot/evidence/three-video-encoders/quality/ucf_crime/videomaev2/0p40_pair_select.json,metric.ci_low,-2.2652168553482475,multiply by 100,717b213a37f288aae946e26673142144ea22e5325ded96064f6587040bae8481
ucf_crime/videomaev2/keep0.4/ci_high,evidence_snapshot/evidence/three-video-encoders/quality/ucf_crime/videomaev2/0p40_pair_select.json,metric.ci_high,2.942936589031953,multiply by 100,717b213a37f288aae946e26673142144ea22e5325ded96064f6587040bae8481
ucf_crime/videomae/keep0.6/method_value,evidence_snapshot/evidence/three-video-encoders/references/quality_matrix_detail.csv,"row[dataset=ucf_crime,encoder=videomae,method=pair_select].method_value",80.38860814294985,multiply by 100,320fcda17995664de1de4003ceaba58d268fb31d2c1dabe3907e229eecbafaee
ucf_crime/videomae/keep0.6/xd_average_precision_method,evidence_snapshot/evidence/three-video-encoders/references/quality_matrix_detail.csv,"row[dataset=ucf_crime,encoder=videomae,method=pair_select].xd_average_precision_method",18.992761442983912,multiply by 100,320fcda17995664de1de4003ceaba58d268fb31d2c1dabe3907e229eecbafaee
ucf_crime/videomae/keep0.6/delta_pp,evidence_snapshot/evidence/three-video-encoders/references/quality_matrix_detail.csv,"row[dataset=ucf_crime,encoder=videomae,method=pair_select].delta_pp",-0.1601368461667252,multiply by 1,320fcda17995664de1de4003ceaba58d268fb31d2c1dabe3907e229eecbafaee
ucf_crime/videomae/keep0.6/ci_low,evidence_snapshot/evidence/three-video-encoders/references/quality_matrix_detail.csv,"row[dataset=ucf_crime,encoder=videomae,method=pair_select].ci_low",-0.7525237980402739,multiply by 100,320fcda17995664de1de4003ceaba58d268fb31d2c1dabe3907e229eecbafaee
ucf_crime/videomae/keep0.6/ci_high,evidence_snapshot/evidence/three-video-encoders/references/quality_matrix_detail.csv,"row[dataset=ucf_crime,encoder=videomae,method=pair_select].ci_high",0.5020121235857814,multiply by 100,320fcda17995664de1de4003ceaba58d268fb31d2c1dabe3907e229eecbafaee
ucf_crime/videomae/keep0.6/dense_value,evidence_snapshot/evidence/three-video-encoders/references/quality_matrix_detail.csv,"row[dataset=ucf_crime,encoder=videomae,method=pair_select].dense_value",80.54874498911657,multiply by 100,320fcda17995664de1de4003ceaba58d268fb31d2c1dabe3907e229eecbafaee
ucf_crime/videomae/keep0.6/xd_average_precision_dense,evidence_snapshot/evidence/three-video-encoders/references/quality_matrix_detail.csv,"row[dataset=ucf_crime,encoder=videomae,method=pair_select].xd_average_precision_dense",18.821151875422874,multiply by 100,320fcda17995664de1de4003ceaba58d268fb31d2c1dabe3907e229eecbafaee
ucf_crime/videomae/keep0.8/primary,evidence_snapshot/evidence/three-video-encoders/quality/ucf_crime/videomae/0p80_pair_select.json,metric.method_value,80.54307459002435,multiply by 100,98af9830c1a0981daf9bcc51f22294869c27d8640f679a26cdf17ea84f808ec7
ucf_crime/videomae/keep0.8/dense,evidence_snapshot/evidence/three-video-encoders/quality/ucf_crime/videomae/0p80_pair_select.json,metric.dense_value,80.54874498911657,multiply by 100,98af9830c1a0981daf9bcc51f22294869c27d8640f679a26cdf17ea84f808ec7
ucf_crime/videomae/keep0.8/step_ap,evidence_snapshot/evidence/three-video-encoders/quality/ucf_crime/videomae/0p80_pair_select.json,frame_ap_step.method,18.832643384368808,multiply by 100,98af9830c1a0981daf9bcc51f22294869c27d8640f679a26cdf17ea84f808ec7
ucf_crime/videomae/keep0.8/ci_low,evidence_snapshot/evidence/three-video-encoders/quality/ucf_crime/videomae/0p80_pair_select.json,metric.ci_low,-0.5444900577328154,multiply by 100,98af9830c1a0981daf9bcc51f22294869c27d8640f679a26cdf17ea84f808ec7
ucf_crime/videomae/keep0.8/ci_high,evidence_snapshot/evidence/three-video-encoders/quality/ucf_crime/videomae/0p80_pair_select.json,metric.ci_high,0.6113049868479241,multiply by 100,98af9830c1a0981daf9bcc51f22294869c27d8640f679a26cdf17ea84f808ec7
ucf_crime/videomae/keep0.4/primary,evidence_snapshot/evidence/three-video-encoders/quality/ucf_crime/videomae/0p40_pair_select.json,metric.method_value,79.49564989622199,multiply by 100,7e3e0ad6d8c42fa7ad0d8b9cabeb9107a14fe1a5d8c7e308a2b2beb9a78d4dd2
ucf_crime/videomae/keep0.4/dense,evidence_snapshot/evidence/three-video-encoders/quality/ucf_crime/videomae/0p40_pair_select.json,metric.dense_value,80.54874498911657,multiply by 100,7e3e0ad6d8c42fa7ad0d8b9cabeb9107a14fe1a5d8c7e308a2b2beb9a78d4dd2
ucf_crime/videomae/keep0.4/step_ap,evidence_snapshot/evidence/three-video-encoders/quality/ucf_crime/videomae/0p40_pair_select.json,frame_ap_step.method,18.768600489471144,multiply by 100,7e3e0ad6d8c42fa7ad0d8b9cabeb9107a14fe1a5d8c7e308a2b2beb9a78d4dd2
ucf_crime/videomae/keep0.4/ci_low,evidence_snapshot/evidence/three-video-encoders/quality/ucf_crime/videomae/0p40_pair_select.json,metric.ci_low,-2.9498644650144117,multiply by 100,7e3e0ad6d8c42fa7ad0d8b9cabeb9107a14fe1a5d8c7e308a2b2beb9a78d4dd2
ucf_crime/videomae/keep0.4/ci_high,evidence_snapshot/evidence/three-video-encoders/quality/ucf_crime/videomae/0p40_pair_select.json,metric.ci_high,0.5454685240222039,multiply by 100,7e3e0ad6d8c42fa7ad0d8b9cabeb9107a14fe1a5d8c7e308a2b2beb9a78d4dd2
ucf_crime/timesformer/keep0.6/method_value,evidence_snapshot/evidence/three-video-encoders/references/quality_matrix_detail.csv,"row[dataset=ucf_crime,encoder=timesformer,method=pair_select].method_value",78.67871291053665,multiply by 100,320fcda17995664de1de4003ceaba58d268fb31d2c1dabe3907e229eecbafaee
ucf_crime/timesformer/keep0.6/xd_average_precision_method,evidence_snapshot/evidence/three-video-encoders/references/quality_matrix_detail.csv,"row[dataset=ucf_crime,encoder=timesformer,method=pair_select].xd_average_precision_method",20.89803456768484,multiply by 100,320fcda17995664de1de4003ceaba58d268fb31d2c1dabe3907e229eecbafaee
ucf_crime/timesformer/keep0.6/delta_pp,evidence_snapshot/evidence/three-video-encoders/references/quality_matrix_detail.csv,"row[dataset=ucf_crime,encoder=timesformer,method=pair_select].delta_pp",-0.001353736291243024,multiply by 1,320fcda17995664de1de4003ceaba58d268fb31d2c1dabe3907e229eecbafaee
ucf_crime/timesformer/keep0.6/ci_low,evidence_snapshot/evidence/three-video-encoders/references/quality_matrix_detail.csv,"row[dataset=ucf_crime,encoder=timesformer,method=pair_select].ci_low",-1.1192778445950105,multiply by 100,320fcda17995664de1de4003ceaba58d268fb31d2c1dabe3907e229eecbafaee
ucf_crime/timesformer/keep0.6/ci_high,evidence_snapshot/evidence/three-video-encoders/references/quality_matrix_detail.csv,"row[dataset=ucf_crime,encoder=timesformer,method=pair_select].ci_high",1.1100205224777613,multiply by 100,320fcda17995664de1de4003ceaba58d268fb31d2c1dabe3907e229eecbafaee
ucf_crime/timesformer/keep0.6/dense_value,evidence_snapshot/evidence/three-video-encoders/references/quality_matrix_detail.csv,"row[dataset=ucf_crime,encoder=timesformer,method=pair_select].dense_value",78.6800666468279,multiply by 100,320fcda17995664de1de4003ceaba58d268fb31d2c1dabe3907e229eecbafaee
ucf_crime/timesformer/keep0.6/xd_average_precision_dense,evidence_snapshot/evidence/three-video-encoders/references/quality_matrix_detail.csv,"row[dataset=ucf_crime,encoder=timesformer,method=pair_select].xd_average_precision_dense",20.366241466696284,multiply by 100,320fcda17995664de1de4003ceaba58d268fb31d2c1dabe3907e229eecbafaee
ucf_crime/timesformer/keep0.8/primary,evidence_snapshot/evidence/three-video-encoders/quality/ucf_crime/timesformer/0p80_pair_select.json,metric.method_value,78.74328978993897,multiply by 100,66295a51302d9f7b38f4c96cf4a62c52b82d671e3b9c6aa1a7281c343e0356f9
ucf_crime/timesformer/keep0.8/dense,evidence_snapshot/evidence/three-video-encoders/quality/ucf_crime/timesformer/0p80_pair_select.json,metric.dense_value,78.6800666468279,multiply by 100,66295a51302d9f7b38f4c96cf4a62c52b82d671e3b9c6aa1a7281c343e0356f9
ucf_crime/timesformer/keep0.8/step_ap,evidence_snapshot/evidence/three-video-encoders/quality/ucf_crime/timesformer/0p80_pair_select.json,frame_ap_step.method,20.714591536982397,multiply by 100,66295a51302d9f7b38f4c96cf4a62c52b82d671e3b9c6aa1a7281c343e0356f9
ucf_crime/timesformer/keep0.8/ci_low,evidence_snapshot/evidence/three-video-encoders/quality/ucf_crime/timesformer/0p80_pair_select.json,metric.ci_low,-0.5438258326179979,multiply by 100,66295a51302d9f7b38f4c96cf4a62c52b82d671e3b9c6aa1a7281c343e0356f9
ucf_crime/timesformer/keep0.8/ci_high,evidence_snapshot/evidence/three-video-encoders/quality/ucf_crime/timesformer/0p80_pair_select.json,metric.ci_high,0.6737046586126565,multiply by 100,66295a51302d9f7b38f4c96cf4a62c52b82d671e3b9c6aa1a7281c343e0356f9
ucf_crime/timesformer/keep0.4/primary,evidence_snapshot/evidence/three-video-encoders/quality/ucf_crime/timesformer/0p40_pair_select.json,metric.method_value,79.23764441624496,multiply by 100,6f8959e373b9eff8330f4bf9c567f3f16cba532d3cb0f15d1460e5adb546ad8c
ucf_crime/timesformer/keep0.4/dense,evidence_snapshot/evidence/three-video-encoders/quality/ucf_crime/timesformer/0p40_pair_select.json,metric.dense_value,78.6800666468279,multiply by 100,6f8959e373b9eff8330f4bf9c567f3f16cba532d3cb0f15d1460e5adb546ad8c
ucf_crime/timesformer/keep0.4/step_ap,evidence_snapshot/evidence/three-video-encoders/quality/ucf_crime/timesformer/0p40_pair_select.json,frame_ap_step.method,21.897555654180145,multiply by 100,6f8959e373b9eff8330f4bf9c567f3f16cba532d3cb0f15d1460e5adb546ad8c
ucf_crime/timesformer/keep0.4/ci_low,evidence_snapshot/evidence/three-video-encoders/quality/ucf_crime/timesformer/0p40_pair_select.json,metric.ci_low,-1.435274482590791,multiply by 100,6f8959e373b9eff8330f4bf9c567f3f16cba532d3cb0f15d1460e5adb546ad8c
ucf_crime/timesformer/keep0.4/ci_high,evidence_snapshot/evidence/three-video-encoders/quality/ucf_crime/timesformer/0p40_pair_select.json,metric.ci_high,2.521632627178079,multiply by 100,6f8959e373b9eff8330f4bf9c567f3f16cba532d3cb0f15d1460e5adb546ad8c
xd_violence/videomaev2/keep0.6/method_value,evidence_snapshot/evidence/three-video-encoders/references/quality_matrix_detail.csv,"row[dataset=xd_violence,encoder=videomaev2,method=pair_select].method_value",76.50587559095415,multiply by 100,320fcda17995664de1de4003ceaba58d268fb31d2c1dabe3907e229eecbafaee
xd_violence/videomaev2/keep0.6/xd_average_precision_method,evidence_snapshot/evidence/three-video-encoders/references/quality_matrix_detail.csv,"row[dataset=xd_violence,encoder=videomaev2,method=pair_select].xd_average_precision_method",71.2977316810731,multiply by 100,320fcda17995664de1de4003ceaba58d268fb31d2c1dabe3907e229eecbafaee
xd_violence/videomaev2/keep0.6/delta_pp,evidence_snapshot/evidence/three-video-encoders/references/quality_matrix_detail.csv,"row[dataset=xd_violence,encoder=videomaev2,method=pair_select].delta_pp",0.324800097788458,multiply by 1,320fcda17995664de1de4003ceaba58d268fb31d2c1dabe3907e229eecbafaee
xd_violence/videomaev2/keep0.6/ci_low,evidence_snapshot/evidence/three-video-encoders/references/quality_matrix_detail.csv,"row[dataset=xd_violence,encoder=videomaev2,method=pair_select].ci_low",-0.0554292505911691,multiply by 100,320fcda17995664de1de4003ceaba58d268fb31d2c1dabe3907e229eecbafaee
xd_violence/videomaev2/keep0.6/ci_high,evidence_snapshot/evidence/three-video-encoders/references/quality_matrix_detail.csv,"row[dataset=xd_violence,encoder=videomaev2,method=pair_select].ci_high",0.7477656173666709,multiply by 100,320fcda17995664de1de4003ceaba58d268fb31d2c1dabe3907e229eecbafaee
xd_violence/videomaev2/keep0.6/dense_value,evidence_snapshot/evidence/three-video-encoders/references/quality_matrix_detail.csv,"row[dataset=xd_violence,encoder=videomaev2,method=pair_select].dense_value",76.1810754931657,multiply by 100,320fcda17995664de1de4003ceaba58d268fb31d2c1dabe3907e229eecbafaee
xd_violence/videomaev2/keep0.6/xd_average_precision_dense,evidence_snapshot/evidence/three-video-encoders/references/quality_matrix_detail.csv,"row[dataset=xd_violence,encoder=videomaev2,method=pair_select].xd_average_precision_dense",70.3330098598189,multiply by 100,320fcda17995664de1de4003ceaba58d268fb31d2c1dabe3907e229eecbafaee
xd_violence/videomaev2/keep0.8/primary,evidence_snapshot/evidence/three-video-encoders/quality/xd_violence/videomaev2/0p80_pair_select.json,metric.method_value,76.51909327288989,multiply by 100,1404196eca2a94f7cb14289605ee16e20e24e574d6427c1453e7eb6818f7e83e
xd_violence/videomaev2/keep0.8/dense,evidence_snapshot/evidence/three-video-encoders/quality/xd_violence/videomaev2/0p80_pair_select.json,metric.dense_value,76.1810754931657,multiply by 100,1404196eca2a94f7cb14289605ee16e20e24e574d6427c1453e7eb6818f7e83e
xd_violence/videomaev2/keep0.8/step_ap,evidence_snapshot/evidence/three-video-encoders/quality/xd_violence/videomaev2/0p80_pair_select.json,frame_ap_step.method,70.9714043908918,multiply by 100,1404196eca2a94f7cb14289605ee16e20e24e574d6427c1453e7eb6818f7e83e
xd_violence/videomaev2/keep0.8/ci_low,evidence_snapshot/evidence/three-video-encoders/quality/xd_violence/videomaev2/0p80_pair_select.json,metric.ci_low,0.1252504224761053,multiply by 100,1404196eca2a94f7cb14289605ee16e20e24e574d6427c1453e7eb6818f7e83e
xd_violence/videomaev2/keep0.8/ci_high,evidence_snapshot/evidence/three-video-encoders/quality/xd_violence/videomaev2/0p80_pair_select.json,metric.ci_high,0.5723559083525317,multiply by 100,1404196eca2a94f7cb14289605ee16e20e24e574d6427c1453e7eb6818f7e83e
xd_violence/videomaev2/keep0.4/primary,evidence_snapshot/evidence/three-video-encoders/quality/xd_violence/videomaev2/0p40_pair_select.json,metric.method_value,75.81005904763063,multiply by 100,a6cab7018e447f8573ea8d3617fff44b0e36c67cb970efe471c71fa0bb3ba355
xd_violence/videomaev2/keep0.4/dense,evidence_snapshot/evidence/three-video-encoders/quality/xd_violence/videomaev2/0p40_pair_select.json,metric.dense_value,76.1810754931657,multiply by 100,a6cab7018e447f8573ea8d3617fff44b0e36c67cb970efe471c71fa0bb3ba355
xd_violence/videomaev2/keep0.4/step_ap,evidence_snapshot/evidence/three-video-encoders/quality/xd_violence/videomaev2/0p40_pair_select.json,frame_ap_step.method,71.1076645989119,multiply by 100,a6cab7018e447f8573ea8d3617fff44b0e36c67cb970efe471c71fa0bb3ba355
xd_violence/videomaev2/keep0.4/ci_low,evidence_snapshot/evidence/three-video-encoders/quality/xd_violence/videomaev2/0p40_pair_select.json,metric.ci_low,-1.036160562377177,multiply by 100,a6cab7018e447f8573ea8d3617fff44b0e36c67cb970efe471c71fa0bb3ba355
xd_violence/videomaev2/keep0.4/ci_high,evidence_snapshot/evidence/three-video-encoders/quality/xd_violence/videomaev2/0p40_pair_select.json,metric.ci_high,0.3955145965142781,multiply by 100,a6cab7018e447f8573ea8d3617fff44b0e36c67cb970efe471c71fa0bb3ba355
xd_violence/videomae/keep0.6/method_value,evidence_snapshot/evidence/three-video-encoders/references/quality_matrix_detail.csv,"row[dataset=xd_violence,encoder=videomae,method=pair_select].method_value",70.94175578235132,multiply by 100,320fcda17995664de1de4003ceaba58d268fb31d2c1dabe3907e229eecbafaee
xd_violence/videomae/keep0.6/xd_average_precision_method,evidence_snapshot/evidence/three-video-encoders/references/quality_matrix_detail.csv,"row[dataset=xd_violence,encoder=videomae,method=pair_select].xd_average_precision_method",64.50585763610457,multiply by 100,320fcda17995664de1de4003ceaba58d268fb31d2c1dabe3907e229eecbafaee
xd_violence/videomae/keep0.6/delta_pp,evidence_snapshot/evidence/three-video-encoders/references/quality_matrix_detail.csv,"row[dataset=xd_violence,encoder=videomae,method=pair_select].delta_pp",0.6066838487224224,multiply by 1,320fcda17995664de1de4003ceaba58d268fb31d2c1dabe3907e229eecbafaee
xd_violence/videomae/keep0.6/ci_low,evidence_snapshot/evidence/three-video-encoders/references/quality_matrix_detail.csv,"row[dataset=xd_violence,encoder=videomae,method=pair_select].ci_low",0.015418849963476925,multiply by 100,320fcda17995664de1de4003ceaba58d268fb31d2c1dabe3907e229eecbafaee
xd_violence/videomae/keep0.6/ci_high,evidence_snapshot/evidence/three-video-encoders/references/quality_matrix_detail.csv,"row[dataset=xd_violence,encoder=videomae,method=pair_select].ci_high",1.1738315755847202,multiply by 100,320fcda17995664de1de4003ceaba58d268fb31d2c1dabe3907e229eecbafaee
xd_violence/videomae/keep0.6/dense_value,evidence_snapshot/evidence/three-video-encoders/references/quality_matrix_detail.csv,"row[dataset=xd_violence,encoder=videomae,method=pair_select].dense_value",70.3350719336289,multiply by 100,320fcda17995664de1de4003ceaba58d268fb31d2c1dabe3907e229eecbafaee
xd_violence/videomae/keep0.6/xd_average_precision_dense,evidence_snapshot/evidence/three-video-encoders/references/quality_matrix_detail.csv,"row[dataset=xd_violence,encoder=videomae,method=pair_select].xd_average_precision_dense",64.8647598077293,multiply by 100,320fcda17995664de1de4003ceaba58d268fb31d2c1dabe3907e229eecbafaee
xd_violence/videomae/keep0.8/primary,evidence_snapshot/evidence/three-video-encoders/quality/xd_violence/videomae/0p80_pair_select.json,metric.method_value,70.65893870238811,multiply by 100,79109ffe6e2111d2deedd26f9a6aa760423aebaf4087fd04d7a4f54d1d99e30d
xd_violence/videomae/keep0.8/dense,evidence_snapshot/evidence/three-video-encoders/quality/xd_violence/videomae/0p80_pair_select.json,metric.dense_value,70.3350719336289,multiply by 100,79109ffe6e2111d2deedd26f9a6aa760423aebaf4087fd04d7a4f54d1d99e30d
xd_violence/videomae/keep0.8/step_ap,evidence_snapshot/evidence/three-video-encoders/quality/xd_violence/videomae/0p80_pair_select.json,frame_ap_step.method,65.10526064031905,multiply by 100,79109ffe6e2111d2deedd26f9a6aa760423aebaf4087fd04d7a4f54d1d99e30d
xd_violence/videomae/keep0.8/ci_low,evidence_snapshot/evidence/three-video-encoders/quality/xd_violence/videomae/0p80_pair_select.json,metric.ci_low,-0.02152600166984181,multiply by 100,79109ffe6e2111d2deedd26f9a6aa760423aebaf4087fd04d7a4f54d1d99e30d
xd_violence/videomae/keep0.8/ci_high,evidence_snapshot/evidence/three-video-encoders/quality/xd_violence/videomae/0p80_pair_select.json,metric.ci_high,0.6723639947694822,multiply by 100,79109ffe6e2111d2deedd26f9a6aa760423aebaf4087fd04d7a4f54d1d99e30d
xd_violence/videomae/keep0.4/primary,evidence_snapshot/evidence/three-video-encoders/quality/xd_violence/videomae/0p40_pair_select.json,metric.method_value,71.11139776202779,multiply by 100,ab43c4806ee6a953c95b6ab444f9013de3f69f88c265304431ec5904011d439b
xd_violence/videomae/keep0.4/dense,evidence_snapshot/evidence/three-video-encoders/quality/xd_violence/videomae/0p40_pair_select.json,metric.dense_value,70.3350719336289,multiply by 100,ab43c4806ee6a953c95b6ab444f9013de3f69f88c265304431ec5904011d439b
xd_violence/videomae/keep0.4/step_ap,evidence_snapshot/evidence/three-video-encoders/quality/xd_violence/videomae/0p40_pair_select.json,frame_ap_step.method,63.47059451064986,multiply by 100,ab43c4806ee6a953c95b6ab444f9013de3f69f88c265304431ec5904011d439b
xd_violence/videomae/keep0.4/ci_low,evidence_snapshot/evidence/three-video-encoders/quality/xd_violence/videomae/0p40_pair_select.json,metric.ci_low,-0.09246516365720657,multiply by 100,ab43c4806ee6a953c95b6ab444f9013de3f69f88c265304431ec5904011d439b
xd_violence/videomae/keep0.4/ci_high,evidence_snapshot/evidence/three-video-encoders/quality/xd_violence/videomae/0p40_pair_select.json,metric.ci_high,1.6409119901091438,multiply by 100,ab43c4806ee6a953c95b6ab444f9013de3f69f88c265304431ec5904011d439b
xd_violence/timesformer/keep0.6/method_value,evidence_snapshot/evidence/three-video-encoders/references/quality_matrix_detail.csv,"row[dataset=xd_violence,encoder=timesformer,method=pair_select].method_value",77.36940346040294,multiply by 100,320fcda17995664de1de4003ceaba58d268fb31d2c1dabe3907e229eecbafaee
xd_violence/timesformer/keep0.6/xd_average_precision_method,evidence_snapshot/evidence/three-video-encoders/references/quality_matrix_detail.csv,"row[dataset=xd_violence,encoder=timesformer,method=pair_select].xd_average_precision_method",72.04293744956655,multiply by 100,320fcda17995664de1de4003ceaba58d268fb31d2c1dabe3907e229eecbafaee
xd_violence/timesformer/keep0.6/delta_pp,evidence_snapshot/evidence/three-video-encoders/references/quality_matrix_detail.csv,"row[dataset=xd_violence,encoder=timesformer,method=pair_select].delta_pp",0.6799728726387788,multiply by 1,320fcda17995664de1de4003ceaba58d268fb31d2c1dabe3907e229eecbafaee
xd_violence/timesformer/keep0.6/ci_low,evidence_snapshot/evidence/three-video-encoders/references/quality_matrix_detail.csv,"row[dataset=xd_violence,encoder=timesformer,method=pair_select].ci_low",0.21680912865224888,multiply by 100,320fcda17995664de1de4003ceaba58d268fb31d2c1dabe3907e229eecbafaee
xd_violence/timesformer/keep0.6/ci_high,evidence_snapshot/evidence/three-video-encoders/references/quality_matrix_detail.csv,"row[dataset=xd_violence,encoder=timesformer,method=pair_select].ci_high",1.1321022038965314,multiply by 100,320fcda17995664de1de4003ceaba58d268fb31d2c1dabe3907e229eecbafaee
xd_violence/timesformer/keep0.6/dense_value,evidence_snapshot/evidence/three-video-encoders/references/quality_matrix_detail.csv,"row[dataset=xd_violence,encoder=timesformer,method=pair_select].dense_value",76.68943058776416,multiply by 100,320fcda17995664de1de4003ceaba58d268fb31d2c1dabe3907e229eecbafaee
xd_violence/timesformer/keep0.6/xd_average_precision_dense,evidence_snapshot/evidence/three-video-encoders/references/quality_matrix_detail.csv,"row[dataset=xd_violence,encoder=timesformer,method=pair_select].xd_average_precision_dense",70.86283147626659,multiply by 100,320fcda17995664de1de4003ceaba58d268fb31d2c1dabe3907e229eecbafaee
xd_violence/timesformer/keep0.8/primary,evidence_snapshot/evidence/three-video-encoders/quality/xd_violence/timesformer/0p80_pair_select.json,metric.method_value,77.2098936249676,multiply by 100,ccca7df706a6740d86d433fca86790bfdfae774d79f3439ff07c5f83f4dfdbd0
xd_violence/timesformer/keep0.8/dense,evidence_snapshot/evidence/three-video-encoders/quality/xd_violence/timesformer/0p80_pair_select.json,metric.dense_value,76.68943058776416,multiply by 100,ccca7df706a6740d86d433fca86790bfdfae774d79f3439ff07c5f83f4dfdbd0
xd_violence/timesformer/keep0.8/step_ap,evidence_snapshot/evidence/three-video-encoders/quality/xd_violence/timesformer/0p80_pair_select.json,frame_ap_step.method,71.62606690087094,multiply by 100,ccca7df706a6740d86d433fca86790bfdfae774d79f3439ff07c5f83f4dfdbd0
xd_violence/timesformer/keep0.8/ci_low,evidence_snapshot/evidence/three-video-encoders/quality/xd_violence/timesformer/0p80_pair_select.json,metric.ci_low,0.3010069707474419,multiply by 100,ccca7df706a6740d86d433fca86790bfdfae774d79f3439ff07c5f83f4dfdbd0
xd_violence/timesformer/keep0.8/ci_high,evidence_snapshot/evidence/three-video-encoders/quality/xd_violence/timesformer/0p80_pair_select.json,metric.ci_high,0.7289844451526467,multiply by 100,ccca7df706a6740d86d433fca86790bfdfae774d79f3439ff07c5f83f4dfdbd0
xd_violence/timesformer/keep0.4/primary,evidence_snapshot/evidence/three-video-encoders/quality/xd_violence/timesformer/0p40_pair_select.json,metric.method_value,77.0468107969046,multiply by 100,cfaeb8c0c65ce603882bb352de0968bbaf227b39ba55a75c231914fa01fc68e2
xd_violence/timesformer/keep0.4/dense,evidence_snapshot/evidence/three-video-encoders/quality/xd_violence/timesformer/0p40_pair_select.json,metric.dense_value,76.68943058776416,multiply by 100,cfaeb8c0c65ce603882bb352de0968bbaf227b39ba55a75c231914fa01fc68e2
xd_violence/timesformer/keep0.4/step_ap,evidence_snapshot/evidence/three-video-encoders/quality/xd_violence/timesformer/0p40_pair_select.json,frame_ap_step.method,72.02819282268807,multiply by 100,cfaeb8c0c65ce603882bb352de0968bbaf227b39ba55a75c231914fa01fc68e2
xd_violence/timesformer/keep0.4/ci_low,evidence_snapshot/evidence/three-video-encoders/quality/xd_violence/timesformer/0p40_pair_select.json,metric.ci_low,-0.40327646520439686,multiply by 100,cfaeb8c0c65ce603882bb352de0968bbaf227b39ba55a75c231914fa01fc68e2
xd_violence/timesformer/keep0.4/ci_high,evidence_snapshot/evidence/three-video-encoders/quality/xd_violence/timesformer/0p40_pair_select.json,metric.ci_high,1.0921056275477694,multiply by 100,cfaeb8c0c65ce603882bb352de0968bbaf227b39ba55a75c231914fa01fc68e2
ucf_crime/clip/keep0.8/primary,evidence_snapshot/evidence/dsanet/results_published/quality-ucf.json,results.coarse-0.8.frame_roc_auc.method_value,88.54203840026437,multiply by 100,a20cff6786418911cad62efa4e495e21f628abc6192a69da1d99ca893538331c
ucf_crime/clip/keep0.8/dense,evidence_snapshot/evidence/dsanet/results_published/quality-ucf.json,results.coarse-0.8.frame_roc_auc.dense_value,88.86760728901018,multiply by 100,a20cff6786418911cad62efa4e495e21f628abc6192a69da1d99ca893538331c
ucf_crime/clip/keep0.8/step_ap,evidence_snapshot/evidence/dsanet/results_published/quality-ucf.json,results.coarse-0.8.frame_ap.method_value,34.104093130183955,multiply by 100,a20cff6786418911cad62efa4e495e21f628abc6192a69da1d99ca893538331c
ucf_crime/clip/keep0.8/dense_step_ap,evidence_snapshot/evidence/dsanet/results_published/quality-ucf.json,results.coarse-0.8.frame_ap.dense_value,34.74229033086944,multiply by 100,a20cff6786418911cad62efa4e495e21f628abc6192a69da1d99ca893538331c
ucf_crime/clip/keep0.8/ci_low,evidence_snapshot/evidence/dsanet/results_published/quality-ucf.json,results.coarse-0.8.frame_roc_auc.ci_low,-0.7597549317998704,multiply by 100,a20cff6786418911cad62efa4e495e21f628abc6192a69da1d99ca893538331c
ucf_crime/clip/keep0.8/ci_high,evidence_snapshot/evidence/dsanet/results_published/quality-ucf.json,results.coarse-0.8.frame_roc_auc.ci_high,0.05623587079067738,multiply by 100,a20cff6786418911cad62efa4e495e21f628abc6192a69da1d99ca893538331c
ucf_crime/clip/keep0.6/primary,evidence_snapshot/evidence/dsanet/results_published/quality-ucf.json,results.coarse-0.6.frame_roc_auc.method_value,87.9660517320109,multiply by 100,a20cff6786418911cad62efa4e495e21f628abc6192a69da1d99ca893538331c
ucf_crime/clip/keep0.6/dense,evidence_snapshot/evidence/dsanet/results_published/quality-ucf.json,results.coarse-0.6.frame_roc_auc.dense_value,88.86760728901018,multiply by 100,a20cff6786418911cad62efa4e495e21f628abc6192a69da1d99ca893538331c
ucf_crime/clip/keep0.6/step_ap,evidence_snapshot/evidence/dsanet/results_published/quality-ucf.json,results.coarse-0.6.frame_ap.method_value,34.360191965912215,multiply by 100,a20cff6786418911cad62efa4e495e21f628abc6192a69da1d99ca893538331c
ucf_crime/clip/keep0.6/dense_step_ap,evidence_snapshot/evidence/dsanet/results_published/quality-ucf.json,results.coarse-0.6.frame_ap.dense_value,34.74229033086944,multiply by 100,a20cff6786418911cad62efa4e495e21f628abc6192a69da1d99ca893538331c
ucf_crime/clip/keep0.6/ci_low,evidence_snapshot/evidence/dsanet/results_published/quality-ucf.json,results.coarse-0.6.frame_roc_auc.ci_low,-2.071546714014956,multiply by 100,a20cff6786418911cad62efa4e495e21f628abc6192a69da1d99ca893538331c
ucf_crime/clip/keep0.6/ci_high,evidence_snapshot/evidence/dsanet/results_published/quality-ucf.json,results.coarse-0.6.frame_roc_auc.ci_high,0.2145302704161911,multiply by 100,a20cff6786418911cad62efa4e495e21f628abc6192a69da1d99ca893538331c
ucf_crime/clip/keep0.4/primary,evidence_snapshot/evidence/dsanet/results_published/quality-ucf.json,results.coarse-0.4.frame_roc_auc.method_value,87.06479146864076,multiply by 100,a20cff6786418911cad62efa4e495e21f628abc6192a69da1d99ca893538331c
ucf_crime/clip/keep0.4/dense,evidence_snapshot/evidence/dsanet/results_published/quality-ucf.json,results.coarse-0.4.frame_roc_auc.dense_value,88.86760728901018,multiply by 100,a20cff6786418911cad62efa4e495e21f628abc6192a69da1d99ca893538331c
ucf_crime/clip/keep0.4/step_ap,evidence_snapshot/evidence/dsanet/results_published/quality-ucf.json,results.coarse-0.4.frame_ap.method_value,34.769210523243935,multiply by 100,a20cff6786418911cad62efa4e495e21f628abc6192a69da1d99ca893538331c
ucf_crime/clip/keep0.4/dense_step_ap,evidence_snapshot/evidence/dsanet/results_published/quality-ucf.json,results.coarse-0.4.frame_ap.dense_value,34.74229033086944,multiply by 100,a20cff6786418911cad62efa4e495e21f628abc6192a69da1d99ca893538331c
ucf_crime/clip/keep0.4/ci_low,evidence_snapshot/evidence/dsanet/results_published/quality-ucf.json,results.coarse-0.4.frame_roc_auc.ci_low,-3.7253643688696005,multiply by 100,a20cff6786418911cad62efa4e495e21f628abc6192a69da1d99ca893538331c
ucf_crime/clip/keep0.4/ci_high,evidence_snapshot/evidence/dsanet/results_published/quality-ucf.json,results.coarse-0.4.frame_roc_auc.ci_high,-0.0026722631610457273,multiply by 100,a20cff6786418911cad62efa4e495e21f628abc6192a69da1d99ca893538331c
xd_violence/clip/keep0.8/primary,evidence_snapshot/evidence/dsanet/results_published/quality-xd.json,results.coarse-0.8.frame_ap.method_value,85.49002315212493,multiply by 100,bf7ba17487b41512a0e19265c451acb661649133d42e39d42e02a878388d104e
xd_violence/clip/keep0.8/dense,evidence_snapshot/evidence/dsanet/results_published/quality-xd.json,results.coarse-0.8.frame_ap.dense_value,85.59647188446115,multiply by 100,bf7ba17487b41512a0e19265c451acb661649133d42e39d42e02a878388d104e
xd_violence/clip/keep0.8/step_ap,evidence_snapshot/evidence/dsanet/results_published/quality-xd.json,results.coarse-0.8.frame_ap.method_value,85.49002315212493,multiply by 100,bf7ba17487b41512a0e19265c451acb661649133d42e39d42e02a878388d104e
xd_violence/clip/keep0.8/dense_step_ap,evidence_snapshot/evidence/dsanet/results_published/quality-xd.json,results.coarse-0.8.frame_ap.dense_value,85.59647188446115,multiply by 100,bf7ba17487b41512a0e19265c451acb661649133d42e39d42e02a878388d104e
xd_violence/clip/keep0.8/ci_low,evidence_snapshot/evidence/dsanet/results_published/quality-xd.json,results.coarse-0.8.frame_ap.ci_low,-0.3772602216113688,multiply by 100,bf7ba17487b41512a0e19265c451acb661649133d42e39d42e02a878388d104e
xd_violence/clip/keep0.8/ci_high,evidence_snapshot/evidence/dsanet/results_published/quality-xd.json,results.coarse-0.8.frame_ap.ci_high,0.1727360775211528,multiply by 100,bf7ba17487b41512a0e19265c451acb661649133d42e39d42e02a878388d104e
xd_violence/clip/keep0.8/trap_pr_auc,evidence_snapshot/evidence/dsanet/results_published/quality-xd.json,results.coarse-0.8.frame_pr_auc.method_value,85.48983213989342,multiply by 100,bf7ba17487b41512a0e19265c451acb661649133d42e39d42e02a878388d104e
xd_violence/clip/keep0.8/dense_trap_pr_auc,evidence_snapshot/evidence/dsanet/results_published/quality-xd.json,results.coarse-0.8.frame_pr_auc.dense_value,85.59628662397924,multiply by 100,bf7ba17487b41512a0e19265c451acb661649133d42e39d42e02a878388d104e
xd_violence/clip/keep0.6/primary,evidence_snapshot/evidence/dsanet/results_published/quality-xd.json,results.coarse-0.6.frame_ap.method_value,85.35344368090614,multiply by 100,bf7ba17487b41512a0e19265c451acb661649133d42e39d42e02a878388d104e
xd_violence/clip/keep0.6/dense,evidence_snapshot/evidence/dsanet/results_published/quality-xd.json,results.coarse-0.6.frame_ap.dense_value,85.59647188446115,multiply by 100,bf7ba17487b41512a0e19265c451acb661649133d42e39d42e02a878388d104e
xd_violence/clip/keep0.6/step_ap,evidence_snapshot/evidence/dsanet/results_published/quality-xd.json,results.coarse-0.6.frame_ap.method_value,85.35344368090614,multiply by 100,bf7ba17487b41512a0e19265c451acb661649133d42e39d42e02a878388d104e
xd_violence/clip/keep0.6/dense_step_ap,evidence_snapshot/evidence/dsanet/results_published/quality-xd.json,results.coarse-0.6.frame_ap.dense_value,85.59647188446115,multiply by 100,bf7ba17487b41512a0e19265c451acb661649133d42e39d42e02a878388d104e
xd_violence/clip/keep0.6/ci_low,evidence_snapshot/evidence/dsanet/results_published/quality-xd.json,results.coarse-0.6.frame_ap.ci_low,-1.0028796471815349,multiply by 100,bf7ba17487b41512a0e19265c451acb661649133d42e39d42e02a878388d104e
xd_violence/clip/keep0.6/ci_high,evidence_snapshot/evidence/dsanet/results_published/quality-xd.json,results.coarse-0.6.frame_ap.ci_high,0.4956803803036918,multiply by 100,bf7ba17487b41512a0e19265c451acb661649133d42e39d42e02a878388d104e
xd_violence/clip/keep0.6/trap_pr_auc,evidence_snapshot/evidence/dsanet/results_published/quality-xd.json,results.coarse-0.6.frame_pr_auc.method_value,85.35324360870624,multiply by 100,bf7ba17487b41512a0e19265c451acb661649133d42e39d42e02a878388d104e
xd_violence/clip/keep0.6/dense_trap_pr_auc,evidence_snapshot/evidence/dsanet/results_published/quality-xd.json,results.coarse-0.6.frame_pr_auc.dense_value,85.59628662397924,multiply by 100,bf7ba17487b41512a0e19265c451acb661649133d42e39d42e02a878388d104e
xd_violence/clip/keep0.4/primary,evidence_snapshot/evidence/dsanet/results_published/quality-xd.json,results.coarse-0.4.frame_ap.method_value,84.3791712224488,multiply by 100,bf7ba17487b41512a0e19265c451acb661649133d42e39d42e02a878388d104e
xd_violence/clip/keep0.4/dense,evidence_snapshot/evidence/dsanet/results_published/quality-xd.json,results.coarse-0.4.frame_ap.dense_value,85.59647188446115,multiply by 100,bf7ba17487b41512a0e19265c451acb661649133d42e39d42e02a878388d104e
xd_violence/clip/keep0.4/step_ap,evidence_snapshot/evidence/dsanet/results_published/quality-xd.json,results.coarse-0.4.frame_ap.method_value,84.3791712224488,multiply by 100,bf7ba17487b41512a0e19265c451acb661649133d42e39d42e02a878388d104e
xd_violence/clip/keep0.4/dense_step_ap,evidence_snapshot/evidence/dsanet/results_published/quality-xd.json,results.coarse-0.4.frame_ap.dense_value,85.59647188446115,multiply by 100,bf7ba17487b41512a0e19265c451acb661649133d42e39d42e02a878388d104e
xd_violence/clip/keep0.4/ci_low,evidence_snapshot/evidence/dsanet/results_published/quality-xd.json,results.coarse-0.4.frame_ap.ci_low,-2.7128482001912313,multiply by 100,bf7ba17487b41512a0e19265c451acb661649133d42e39d42e02a878388d104e
xd_violence/clip/keep0.4/ci_high,evidence_snapshot/evidence/dsanet/results_published/quality-xd.json,results.coarse-0.4.frame_ap.ci_high,0.2515117072594699,multiply by 100,bf7ba17487b41512a0e19265c451acb661649133d42e39d42e02a878388d104e
xd_violence/clip/keep0.4/trap_pr_auc,evidence_snapshot/evidence/dsanet/results_published/quality-xd.json,results.coarse-0.4.frame_pr_auc.method_value,84.37894258607413,multiply by 100,bf7ba17487b41512a0e19265c451acb661649133d42e39d42e02a878388d104e
xd_violence/clip/keep0.4/dense_trap_pr_auc,evidence_snapshot/evidence/dsanet/results_published/quality-xd.json,results.coarse-0.4.frame_pr_auc.dense_value,85.59628662397924,multiply by 100,bf7ba17487b41512a0e19265c451acb661649133d42e39d42e02a878388d104e
videomaev2/keep1.0/b32_ms,evidence_snapshot/evidence/batch-scaling/results/videomaev2/result.json,summary.32.dense.median_wall_ms_per_batch,1166.6587782092392,multiply by 1,2e4cdc90ebb40c3c6c1b8b0904c337cb3e00c23a5150e533c21824e7e6880cbc
videomaev2/keep1.0/b32_throughput,evidence_snapshot/evidence/batch-scaling/results/videomaev2/result.json,summary.32.dense.throughput_clips_per_s,27.428756889069433,multiply by 1,2e4cdc90ebb40c3c6c1b8b0904c337cb3e00c23a5150e533c21824e7e6880cbc
videomaev2/keep1.0/b32_speedup,evidence_snapshot/evidence/batch-scaling/results/videomaev2/result.json,summary.32.dense.speedup_vs_dense,1.0,multiply by 1,2e4cdc90ebb40c3c6c1b8b0904c337cb3e00c23a5150e533c21824e7e6880cbc
videomaev2/keep1.0/b1_ms,evidence_snapshot/evidence/three-video-encoders/efficiency-summary.json,encoders.videomaev2.budgets.1.00.batch_sizes.1.latency_ms_per_batch,39.44825567305088,multiply by 1,463bc3edf72008f7a310c58c4d0d8034f716e83c99b41f83c664268d03315488
videomaev2/keep1.0/b1_speedup,evidence_snapshot/evidence/three-video-encoders/efficiency-summary.json,encoders.videomaev2.budgets.1.00.batch_sizes.1.speedup_vs_dense,1.0,multiply by 1,463bc3edf72008f7a310c58c4d0d8034f716e83c99b41f83c664268d03315488
videomaev2/keep1.0/b1_alloc_gib,evidence_snapshot/evidence/three-video-encoders/efficiency-summary.json,encoders.videomaev2.budgets.1.00.batch_sizes.1.peak_allocated_gib,0.5848712921142578,multiply by 1,463bc3edf72008f7a310c58c4d0d8034f716e83c99b41f83c664268d03315488
videomaev2/keep1.0/b1_reserved_gib,evidence_snapshot/evidence/three-video-encoders/efficiency-summary.json,encoders.videomaev2.budgets.1.00.batch_sizes.1.peak_reserved_gib,0.74609375,multiply by 1,463bc3edf72008f7a310c58c4d0d8034f716e83c99b41f83c664268d03315488
videomaev2/keep0.8/b32_ms,evidence_snapshot/evidence/batch-scaling/results/videomaev2/result.json,summary.32.keep_0.80.median_wall_ms_per_batch,1065.1076859794557,multiply by 1,2e4cdc90ebb40c3c6c1b8b0904c337cb3e00c23a5150e533c21824e7e6880cbc
videomaev2/keep0.8/b32_throughput,evidence_snapshot/evidence/batch-scaling/results/videomaev2/result.json,summary.32.keep_0.80.throughput_clips_per_s,30.043910508986066,multiply by 1,2e4cdc90ebb40c3c6c1b8b0904c337cb3e00c23a5150e533c21824e7e6880cbc
videomaev2/keep0.8/b32_speedup,evidence_snapshot/evidence/batch-scaling/results/videomaev2/result.json,summary.32.keep_0.80.speedup_vs_dense,1.095343497720044,multiply by 1,2e4cdc90ebb40c3c6c1b8b0904c337cb3e00c23a5150e533c21824e7e6880cbc
videomaev2/keep0.8/b1_ms,evidence_snapshot/evidence/three-video-encoders/efficiency-summary.json,encoders.videomaev2.budgets.0.80.batch_sizes.1.latency_ms_per_batch,67.13101454079151,multiply by 1,463bc3edf72008f7a310c58c4d0d8034f716e83c99b41f83c664268d03315488
videomaev2/keep0.8/b1_speedup,evidence_snapshot/evidence/three-video-encoders/efficiency-summary.json,encoders.videomaev2.budgets.0.80.batch_sizes.1.speedup_vs_dense,0.5876308580005227,multiply by 1,463bc3edf72008f7a310c58c4d0d8034f716e83c99b41f83c664268d03315488
videomaev2/keep0.8/b1_alloc_gib,evidence_snapshot/evidence/three-video-encoders/efficiency-summary.json,encoders.videomaev2.budgets.0.80.batch_sizes.1.peak_allocated_gib,0.5854573249816895,multiply by 1,463bc3edf72008f7a310c58c4d0d8034f716e83c99b41f83c664268d03315488
videomaev2/keep0.8/b1_reserved_gib,evidence_snapshot/evidence/three-video-encoders/efficiency-summary.json,encoders.videomaev2.budgets.0.80.batch_sizes.1.peak_reserved_gib,0.748046875,multiply by 1,463bc3edf72008f7a310c58c4d0d8034f716e83c99b41f83c664268d03315488
videomaev2/keep0.6/b32_ms,evidence_snapshot/evidence/batch-scaling/results/videomaev2/result.json,summary.32.keep_0.60.median_wall_ms_per_batch,952.3089663125575,multiply by 1,2e4cdc90ebb40c3c6c1b8b0904c337cb3e00c23a5150e533c21824e7e6880cbc
videomaev2/keep0.6/b32_throughput,evidence_snapshot/evidence/batch-scaling/results/videomaev2/result.json,summary.32.keep_0.60.throughput_clips_per_s,33.60253986046927,multiply by 1,2e4cdc90ebb40c3c6c1b8b0904c337cb3e00c23a5150e533c21824e7e6880cbc
videomaev2/keep0.6/b32_speedup,evidence_snapshot/evidence/batch-scaling/results/videomaev2/result.json,summary.32.keep_0.60.speedup_vs_dense,1.225084315573198,multiply by 1,2e4cdc90ebb40c3c6c1b8b0904c337cb3e00c23a5150e533c21824e7e6880cbc
videomaev2/keep0.6/b1_ms,evidence_snapshot/evidence/three-video-encoders/efficiency-summary.json,encoders.videomaev2.budgets.0.60.batch_sizes.1.latency_ms_per_batch,62.82846350222826,multiply by 1,463bc3edf72008f7a310c58c4d0d8034f716e83c99b41f83c664268d03315488
videomaev2/keep0.6/b1_speedup,evidence_snapshot/evidence/three-video-encoders/efficiency-summary.json,encoders.videomaev2.budgets.0.60.batch_sizes.1.speedup_vs_dense,0.6278723602981604,multiply by 1,463bc3edf72008f7a310c58c4d0d8034f716e83c99b41f83c664268d03315488
videomaev2/keep0.6/b1_alloc_gib,evidence_snapshot/evidence/three-video-encoders/efficiency-summary.json,encoders.videomaev2.budgets.0.60.batch_sizes.1.peak_allocated_gib,0.5854363441467285,multiply by 1,463bc3edf72008f7a310c58c4d0d8034f716e83c99b41f83c664268d03315488
videomaev2/keep0.6/b1_reserved_gib,evidence_snapshot/evidence/three-video-encoders/efficiency-summary.json,encoders.videomaev2.budgets.0.60.batch_sizes.1.peak_reserved_gib,0.748046875,multiply by 1,463bc3edf72008f7a310c58c4d0d8034f716e83c99b41f83c664268d03315488
videomaev2/keep0.4/b32_ms,evidence_snapshot/evidence/batch-scaling/results/videomaev2/result.json,summary.32.keep_0.40.median_wall_ms_per_batch,876.9898083992302,multiply by 1,2e4cdc90ebb40c3c6c1b8b0904c337cb3e00c23a5150e533c21824e7e6880cbc
videomaev2/keep0.4/b32_throughput,evidence_snapshot/evidence/batch-scaling/results/videomaev2/result.json,summary.32.keep_0.40.throughput_clips_per_s,36.48845139763894,multiply by 1,2e4cdc90ebb40c3c6c1b8b0904c337cb3e00c23a5150e533c21824e7e6880cbc
videomaev2/keep0.4/b32_speedup,evidence_snapshot/evidence/batch-scaling/results/videomaev2/result.json,summary.32.keep_0.40.speedup_vs_dense,1.3302991289473955,multiply by 1,2e4cdc90ebb40c3c6c1b8b0904c337cb3e00c23a5150e533c21824e7e6880cbc
videomaev2/keep0.4/b1_ms,evidence_snapshot/evidence/three-video-encoders/efficiency-summary.json,encoders.videomaev2.budgets.0.40.batch_sizes.1.latency_ms_per_batch,57.54645075649023,multiply by 1,463bc3edf72008f7a310c58c4d0d8034f716e83c99b41f83c664268d03315488
videomaev2/keep0.4/b1_speedup,evidence_snapshot/evidence/three-video-encoders/efficiency-summary.json,encoders.videomaev2.budgets.0.40.batch_sizes.1.speedup_vs_dense,0.6855028443018584,multiply by 1,463bc3edf72008f7a310c58c4d0d8034f716e83c99b41f83c664268d03315488
videomaev2/keep0.4/b1_alloc_gib,evidence_snapshot/evidence/three-video-encoders/efficiency-summary.json,encoders.videomaev2.budgets.0.40.batch_sizes.1.peak_allocated_gib,0.5854153633117676,multiply by 1,463bc3edf72008f7a310c58c4d0d8034f716e83c99b41f83c664268d03315488
videomaev2/keep0.4/b1_reserved_gib,evidence_snapshot/evidence/three-video-encoders/efficiency-summary.json,encoders.videomaev2.budgets.0.40.batch_sizes.1.peak_reserved_gib,0.748046875,multiply by 1,463bc3edf72008f7a310c58c4d0d8034f716e83c99b41f83c664268d03315488
videomae/keep1.0/b32_ms,evidence_snapshot/evidence/batch-scaling/results/videomae/result.json,summary.32.dense.median_wall_ms_per_batch,1160.0532364100218,multiply by 1,c5b5e8ac839660249e1e1459cb75cec56714d4c2b7b74381a1b08d4e2c1d7fdc
videomae/keep1.0/b32_throughput,evidence_snapshot/evidence/batch-scaling/results/videomae/result.json,summary.32.dense.throughput_clips_per_s,27.584940928253722,multiply by 1,c5b5e8ac839660249e1e1459cb75cec56714d4c2b7b74381a1b08d4e2c1d7fdc
videomae/keep1.0/b32_speedup,evidence_snapshot/evidence/batch-scaling/results/videomae/result.json,summary.32.dense.speedup_vs_dense,1.0,multiply by 1,c5b5e8ac839660249e1e1459cb75cec56714d4c2b7b74381a1b08d4e2c1d7fdc
videomae/keep1.0/b1_ms,evidence_snapshot/evidence/three-video-encoders/efficiency-summary.json,encoders.videomae.budgets.1.00.batch_sizes.1.latency_ms_per_batch,41.41654726117849,multiply by 1,463bc3edf72008f7a310c58c4d0d8034f716e83c99b41f83c664268d03315488
videomae/keep1.0/b1_speedup,evidence_snapshot/evidence/three-video-encoders/efficiency-summary.json,encoders.videomae.budgets.1.00.batch_sizes.1.speedup_vs_dense,1.0,multiply by 1,463bc3edf72008f7a310c58c4d0d8034f716e83c99b41f83c664268d03315488
videomae/keep1.0/b1_alloc_gib,evidence_snapshot/evidence/three-video-encoders/efficiency-summary.json,encoders.videomae.budgets.1.00.batch_sizes.1.peak_allocated_gib,0.5938377380371094,multiply by 1,463bc3edf72008f7a310c58c4d0d8034f716e83c99b41f83c664268d03315488
videomae/keep1.0/b1_reserved_gib,evidence_snapshot/evidence/three-video-encoders/efficiency-summary.json,encoders.videomae.budgets.1.00.batch_sizes.1.peak_reserved_gib,0.74609375,multiply by 1,463bc3edf72008f7a310c58c4d0d8034f716e83c99b41f83c664268d03315488
videomae/keep0.8/b32_ms,evidence_snapshot/evidence/batch-scaling/results/videomae/result.json,summary.32.keep_0.80.median_wall_ms_per_batch,1066.0437289625406,multiply by 1,c5b5e8ac839660249e1e1459cb75cec56714d4c2b7b74381a1b08d4e2c1d7fdc
videomae/keep0.8/b32_throughput,evidence_snapshot/evidence/batch-scaling/results/videomae/result.json,summary.32.keep_0.80.throughput_clips_per_s,30.017530360731044,multiply by 1,c5b5e8ac839660249e1e1459cb75cec56714d4c2b7b74381a1b08d4e2c1d7fdc
videomae/keep0.8/b32_speedup,evidence_snapshot/evidence/batch-scaling/results/videomae/result.json,summary.32.keep_0.80.speedup_vs_dense,1.0881854138750668,multiply by 1,c5b5e8ac839660249e1e1459cb75cec56714d4c2b7b74381a1b08d4e2c1d7fdc
videomae/keep0.8/b1_ms,evidence_snapshot/evidence/three-video-encoders/efficiency-summary.json,encoders.videomae.budgets.0.80.batch_sizes.1.latency_ms_per_batch,71.33812550455332,multiply by 1,463bc3edf72008f7a310c58c4d0d8034f716e83c99b41f83c664268d03315488
videomae/keep0.8/b1_speedup,evidence_snapshot/evidence/three-video-encoders/efficiency-summary.json,encoders.videomae.budgets.0.80.batch_sizes.1.speedup_vs_dense,0.5805668002663595,multiply by 1,463bc3edf72008f7a310c58c4d0d8034f716e83c99b41f83c664268d03315488
videomae/keep0.8/b1_alloc_gib,evidence_snapshot/evidence/three-video-encoders/efficiency-summary.json,encoders.videomae.budgets.0.80.batch_sizes.1.peak_allocated_gib,0.594423770904541,multiply by 1,463bc3edf72008f7a310c58c4d0d8034f716e83c99b41f83c664268d03315488
videomae/keep0.8/b1_reserved_gib,evidence_snapshot/evidence/three-video-encoders/efficiency-summary.json,encoders.videomae.budgets.0.80.batch_sizes.1.peak_reserved_gib,0.748046875,multiply by 1,463bc3edf72008f7a310c58c4d0d8034f716e83c99b41f83c664268d03315488
videomae/keep0.6/b32_ms,evidence_snapshot/evidence/batch-scaling/results/videomae/result.json,summary.32.keep_0.60.median_wall_ms_per_batch,930.1199875771999,multiply by 1,c5b5e8ac839660249e1e1459cb75cec56714d4c2b7b74381a1b08d4e2c1d7fdc
videomae/keep0.6/b32_throughput,evidence_snapshot/evidence/batch-scaling/results/videomae/result.json,summary.32.keep_0.60.throughput_clips_per_s,34.4041633632177,multiply by 1,c5b5e8ac839660249e1e1459cb75cec56714d4c2b7b74381a1b08d4e2c1d7fdc
videomae/keep0.6/b32_speedup,evidence_snapshot/evidence/batch-scaling/results/videomae/result.json,summary.32.keep_0.60.speedup_vs_dense,1.2472081579837433,multiply by 1,c5b5e8ac839660249e1e1459cb75cec56714d4c2b7b74381a1b08d4e2c1d7fdc
videomae/keep0.6/b1_ms,evidence_snapshot/evidence/three-video-encoders/efficiency-summary.json,encoders.videomae.budgets.0.60.batch_sizes.1.latency_ms_per_batch,60.94873510301113,multiply by 1,463bc3edf72008f7a310c58c4d0d8034f716e83c99b41f83c664268d03315488
videomae/keep0.6/b1_speedup,evidence_snapshot/evidence/three-video-encoders/efficiency-summary.json,encoders.videomae.budgets.0.60.batch_sizes.1.speedup_vs_dense,0.67953087445013,multiply by 1,463bc3edf72008f7a310c58c4d0d8034f716e83c99b41f83c664268d03315488
videomae/keep0.6/b1_alloc_gib,evidence_snapshot/evidence/three-video-encoders/efficiency-summary.json,encoders.videomae.budgets.0.60.batch_sizes.1.peak_allocated_gib,0.5944027900695801,multiply by 1,463bc3edf72008f7a310c58c4d0d8034f716e83c99b41f83c664268d03315488
videomae/keep0.6/b1_reserved_gib,evidence_snapshot/evidence/three-video-encoders/efficiency-summary.json,encoders.videomae.budgets.0.60.batch_sizes.1.peak_reserved_gib,0.748046875,multiply by 1,463bc3edf72008f7a310c58c4d0d8034f716e83c99b41f83c664268d03315488
videomae/keep0.4/b32_ms,evidence_snapshot/evidence/batch-scaling/results/videomae/result.json,summary.32.keep_0.40.median_wall_ms_per_batch,841.5367333218455,multiply by 1,c5b5e8ac839660249e1e1459cb75cec56714d4c2b7b74381a1b08d4e2c1d7fdc
videomae/keep0.4/b32_throughput,evidence_snapshot/evidence/batch-scaling/results/videomae/result.json,summary.32.keep_0.40.throughput_clips_per_s,38.025672240930696,multiply by 1,c5b5e8ac839660249e1e1459cb75cec56714d4c2b7b74381a1b08d4e2c1d7fdc
videomae/keep0.4/b32_speedup,evidence_snapshot/evidence/batch-scaling/results/videomae/result.json,summary.32.keep_0.40.speedup_vs_dense,1.3784938796799493,multiply by 1,c5b5e8ac839660249e1e1459cb75cec56714d4c2b7b74381a1b08d4e2c1d7fdc
videomae/keep0.4/b1_ms,evidence_snapshot/evidence/three-video-encoders/efficiency-summary.json,encoders.videomae.budgets.0.40.batch_sizes.1.latency_ms_per_batch,64.31643012911081,multiply by 1,463bc3edf72008f7a310c58c4d0d8034f716e83c99b41f83c664268d03315488
videomae/keep0.4/b1_speedup,evidence_snapshot/evidence/three-video-encoders/efficiency-summary.json,encoders.videomae.budgets.0.40.batch_sizes.1.speedup_vs_dense,0.6439497213703811,multiply by 1,463bc3edf72008f7a310c58c4d0d8034f716e83c99b41f83c664268d03315488
videomae/keep0.4/b1_alloc_gib,evidence_snapshot/evidence/three-video-encoders/efficiency-summary.json,encoders.videomae.budgets.0.40.batch_sizes.1.peak_allocated_gib,0.5943818092346191,multiply by 1,463bc3edf72008f7a310c58c4d0d8034f716e83c99b41f83c664268d03315488
videomae/keep0.4/b1_reserved_gib,evidence_snapshot/evidence/three-video-encoders/efficiency-summary.json,encoders.videomae.budgets.0.40.batch_sizes.1.peak_reserved_gib,0.74609375,multiply by 1,463bc3edf72008f7a310c58c4d0d8034f716e83c99b41f83c664268d03315488
timesformer/keep1.0/b32_ms,evidence_snapshot/evidence/batch-scaling/results/timesformer/result.json,summary.32.dense.median_wall_ms_per_batch,929.6850552782416,multiply by 1,c311effc2c456b94969bc0e0d0ce8395e5bad9799d3447591c47d9c8c0ffb224
timesformer/keep1.0/b32_throughput,evidence_snapshot/evidence/batch-scaling/results/timesformer/result.json,summary.32.dense.throughput_clips_per_s,34.42025857931302,multiply by 1,c311effc2c456b94969bc0e0d0ce8395e5bad9799d3447591c47d9c8c0ffb224
timesformer/keep1.0/b32_speedup,evidence_snapshot/evidence/batch-scaling/results/timesformer/result.json,summary.32.dense.speedup_vs_dense,1.0,multiply by 1,c311effc2c456b94969bc0e0d0ce8395e5bad9799d3447591c47d9c8c0ffb224
timesformer/keep1.0/b1_ms,evidence_snapshot/evidence/three-video-encoders/efficiency-summary.json,encoders.timesformer.budgets.1.00.batch_sizes.1.latency_ms_per_batch,31.802821904420853,multiply by 1,463bc3edf72008f7a310c58c4d0d8034f716e83c99b41f83c664268d03315488
timesformer/keep1.0/b1_speedup,evidence_snapshot/evidence/three-video-encoders/efficiency-summary.json,encoders.timesformer.budgets.1.00.batch_sizes.1.speedup_vs_dense,1.0,multiply by 1,463bc3edf72008f7a310c58c4d0d8034f716e83c99b41f83c664268d03315488
timesformer/keep1.0/b1_alloc_gib,evidence_snapshot/evidence/three-video-encoders/efficiency-summary.json,encoders.timesformer.budgets.1.00.batch_sizes.1.peak_allocated_gib,0.5450658798217773,multiply by 1,463bc3edf72008f7a310c58c4d0d8034f716e83c99b41f83c664268d03315488
timesformer/keep1.0/b1_reserved_gib,evidence_snapshot/evidence/three-video-encoders/efficiency-summary.json,encoders.timesformer.budgets.1.00.batch_sizes.1.peak_reserved_gib,0.625,multiply by 1,463bc3edf72008f7a310c58c4d0d8034f716e83c99b41f83c664268d03315488
timesformer/keep0.8/b32_ms,evidence_snapshot/evidence/batch-scaling/results/timesformer/result.json,summary.32.keep_0.80.median_wall_ms_per_batch,837.0255585759878,multiply by 1,c311effc2c456b94969bc0e0d0ce8395e5bad9799d3447591c47d9c8c0ffb224
timesformer/keep0.8/b32_throughput,evidence_snapshot/evidence/batch-scaling/results/timesformer/result.json,summary.32.keep_0.80.throughput_clips_per_s,38.2306127598312,multiply by 1,c311effc2c456b94969bc0e0d0ce8395e5bad9799d3447591c47d9c8c0ffb224
timesformer/keep0.8/b32_speedup,evidence_snapshot/evidence/batch-scaling/results/timesformer/result.json,summary.32.keep_0.80.speedup_vs_dense,1.1107009167795225,multiply by 1,c311effc2c456b94969bc0e0d0ce8395e5bad9799d3447591c47d9c8c0ffb224
timesformer/keep0.8/b1_ms,evidence_snapshot/evidence/three-video-encoders/efficiency-summary.json,encoders.timesformer.budgets.0.80.batch_sizes.1.latency_ms_per_batch,31.21270053088665,multiply by 1,463bc3edf72008f7a310c58c4d0d8034f716e83c99b41f83c664268d03315488
timesformer/keep0.8/b1_speedup,evidence_snapshot/evidence/three-video-encoders/efficiency-summary.json,encoders.timesformer.budgets.0.80.batch_sizes.1.speedup_vs_dense,1.0189064503710676,multiply by 1,463bc3edf72008f7a310c58c4d0d8034f716e83c99b41f83c664268d03315488
timesformer/keep0.8/b1_alloc_gib,evidence_snapshot/evidence/three-video-encoders/efficiency-summary.json,encoders.timesformer.budgets.0.80.batch_sizes.1.peak_allocated_gib,0.5456523895263672,multiply by 1,463bc3edf72008f7a310c58c4d0d8034f716e83c99b41f83c664268d03315488
timesformer/keep0.8/b1_reserved_gib,evidence_snapshot/evidence/three-video-encoders/efficiency-summary.json,encoders.timesformer.budgets.0.80.batch_sizes.1.peak_reserved_gib,0.625,multiply by 1,463bc3edf72008f7a310c58c4d0d8034f716e83c99b41f83c664268d03315488
timesformer/keep0.6/b32_ms,evidence_snapshot/evidence/batch-scaling/results/timesformer/result.json,summary.32.keep_0.60.median_wall_ms_per_batch,727.8363052755594,multiply by 1,c311effc2c456b94969bc0e0d0ce8395e5bad9799d3447591c47d9c8c0ffb224
timesformer/keep0.6/b32_throughput,evidence_snapshot/evidence/batch-scaling/results/timesformer/result.json,summary.32.keep_0.60.throughput_clips_per_s,43.96592993239706,multiply by 1,c311effc2c456b94969bc0e0d0ce8395e5bad9799d3447591c47d9c8c0ffb224
timesformer/keep0.6/b32_speedup,evidence_snapshot/evidence/batch-scaling/results/timesformer/result.json,summary.32.keep_0.60.speedup_vs_dense,1.2773271249862455,multiply by 1,c311effc2c456b94969bc0e0d0ce8395e5bad9799d3447591c47d9c8c0ffb224
timesformer/keep0.6/b1_ms,evidence_snapshot/evidence/three-video-encoders/efficiency-summary.json,encoders.timesformer.budgets.0.60.batch_sizes.1.latency_ms_per_batch,27.771960012614727,multiply by 1,463bc3edf72008f7a310c58c4d0d8034f716e83c99b41f83c664268d03315488
timesformer/keep0.6/b1_speedup,evidence_snapshot/evidence/three-video-encoders/efficiency-summary.json,encoders.timesformer.budgets.0.60.batch_sizes.1.speedup_vs_dense,1.145141426459465,multiply by 1,463bc3edf72008f7a310c58c4d0d8034f716e83c99b41f83c664268d03315488
timesformer/keep0.6/b1_alloc_gib,evidence_snapshot/evidence/three-video-encoders/efficiency-summary.json,encoders.timesformer.budgets.0.60.batch_sizes.1.peak_allocated_gib,0.5456299781799316,multiply by 1,463bc3edf72008f7a310c58c4d0d8034f716e83c99b41f83c664268d03315488
timesformer/keep0.6/b1_reserved_gib,evidence_snapshot/evidence/three-video-encoders/efficiency-summary.json,encoders.timesformer.budgets.0.60.batch_sizes.1.peak_reserved_gib,0.625,multiply by 1,463bc3edf72008f7a310c58c4d0d8034f716e83c99b41f83c664268d03315488
timesformer/keep0.4/b32_ms,evidence_snapshot/evidence/batch-scaling/results/timesformer/result.json,summary.32.keep_0.40.median_wall_ms_per_batch,632.5835646130145,multiply by 1,c311effc2c456b94969bc0e0d0ce8395e5bad9799d3447591c47d9c8c0ffb224
timesformer/keep0.4/b32_throughput,evidence_snapshot/evidence/batch-scaling/results/timesformer/result.json,summary.32.keep_0.40.throughput_clips_per_s,50.58620202941271,multiply by 1,c311effc2c456b94969bc0e0d0ce8395e5bad9799d3447591c47d9c8c0ffb224
timesformer/keep0.4/b32_speedup,evidence_snapshot/evidence/batch-scaling/results/timesformer/result.json,summary.32.keep_0.40.speedup_vs_dense,1.4696636259384643,multiply by 1,c311effc2c456b94969bc0e0d0ce8395e5bad9799d3447591c47d9c8c0ffb224
timesformer/keep0.4/b1_ms,evidence_snapshot/evidence/three-video-encoders/efficiency-summary.json,encoders.timesformer.budgets.0.40.batch_sizes.1.latency_ms_per_batch,24.31625686585903,multiply by 1,463bc3edf72008f7a310c58c4d0d8034f716e83c99b41f83c664268d03315488
timesformer/keep0.4/b1_speedup,evidence_snapshot/evidence/three-video-encoders/efficiency-summary.json,encoders.timesformer.budgets.0.40.batch_sizes.1.speedup_vs_dense,1.307883120328164,multiply by 1,463bc3edf72008f7a310c58c4d0d8034f716e83c99b41f83c664268d03315488
timesformer/keep0.4/b1_alloc_gib,evidence_snapshot/evidence/three-video-encoders/efficiency-summary.json,encoders.timesformer.budgets.0.40.batch_sizes.1.peak_allocated_gib,0.5456070899963379,multiply by 1,463bc3edf72008f7a310c58c4d0d8034f716e83c99b41f83c664268d03315488
timesformer/keep0.4/b1_reserved_gib,evidence_snapshot/evidence/three-video-encoders/efficiency-summary.json,encoders.timesformer.budgets.0.40.batch_sizes.1.peak_reserved_gib,0.625,multiply by 1,463bc3edf72008f7a310c58c4d0d8034f716e83c99b41f83c664268d03315488
clip/ucf/keep1.0/block_gflops,evidence_snapshot/evidence/dsanet/benchmark/ucf-summary.json,results.batch32-keepNone.principal_block_gflops_per_image,34.89490944,multiply by 1,3bf7eea90142dadaf137e3267e119502fdf71604cad624af2abe4a0bedd3f6d1
clip/ucf/keep1.0/b32_ms,evidence_snapshot/evidence/dsanet/benchmark/ucf-summary.json,results.batch32-keepNone.gpu_p50_ms_median_of_processes,80.5483512878418,multiply by 1,3bf7eea90142dadaf137e3267e119502fdf71604cad624af2abe4a0bedd3f6d1
clip/ucf/keep1.0/b32_throughput,evidence_snapshot/evidence/dsanet/benchmark/ucf-summary.json,results.batch32-keepNone.throughput_images_per_second_median,397.2769086936007,multiply by 1,3bf7eea90142dadaf137e3267e119502fdf71604cad624af2abe4a0bedd3f6d1
clip/ucf/keep1.0/b32_speedup,evidence_snapshot/evidence/dsanet/benchmark/ucf-summary.json,results.batch32-keepNone.speedup_vs_dense_median,1.0,multiply by 1,3bf7eea90142dadaf137e3267e119502fdf71604cad624af2abe4a0bedd3f6d1
clip/ucf/keep1.0/b1_ms,evidence_snapshot/evidence/dsanet/benchmark/ucf-summary.json,results.batch1-keepNone.gpu_p50_ms_median_of_processes,5.085184097290039,multiply by 1,3bf7eea90142dadaf137e3267e119502fdf71604cad624af2abe4a0bedd3f6d1
clip/ucf/keep1.0/b1_speedup,evidence_snapshot/evidence/dsanet/benchmark/ucf-summary.json,results.batch1-keepNone.speedup_vs_dense_median,1.0,multiply by 1,3bf7eea90142dadaf137e3267e119502fdf71604cad624af2abe4a0bedd3f6d1
clip/ucf/keep1.0/b1_alloc_gib,evidence_snapshot/evidence/dsanet/benchmark/ucf-summary.json,results.batch1-keepNone.peak_allocated_mib_median,0.5835471153259277,multiply by 0.0009765625,3bf7eea90142dadaf137e3267e119502fdf71604cad624af2abe4a0bedd3f6d1
clip/ucf/keep1.0/b1_reserved_gib,evidence_snapshot/evidence/dsanet/benchmark/ucf-summary.json,results.batch1-keepNone.peak_reserved_mib_median,0.626953125,multiply by 0.0009765625,3bf7eea90142dadaf137e3267e119502fdf71604cad624af2abe4a0bedd3f6d1
clip/ucf/keep0.8/block_gflops,evidence_snapshot/evidence/dsanet/benchmark/ucf-summary.json,results.batch32-keep0.8.principal_block_gflops_per_image,31.327266816,multiply by 1,3bf7eea90142dadaf137e3267e119502fdf71604cad624af2abe4a0bedd3f6d1
clip/ucf/keep0.8/b32_ms,evidence_snapshot/evidence/dsanet/benchmark/ucf-summary.json,results.batch32-keep0.8.gpu_p50_ms_median_of_processes,73.25286483764648,multiply by 1,3bf7eea90142dadaf137e3267e119502fdf71604cad624af2abe4a0bedd3f6d1
clip/ucf/keep0.8/b32_throughput,evidence_snapshot/evidence/dsanet/benchmark/ucf-summary.json,results.batch32-keep0.8.throughput_images_per_second_median,436.8429831505293,multiply by 1,3bf7eea90142dadaf137e3267e119502fdf71604cad624af2abe4a0bedd3f6d1
clip/ucf/keep0.8/b32_speedup,evidence_snapshot/evidence/dsanet/benchmark/ucf-summary.json,results.batch32-keep0.8.speedup_vs_dense_median,1.096460522942668,multiply by 1,3bf7eea90142dadaf137e3267e119502fdf71604cad624af2abe4a0bedd3f6d1
clip/ucf/keep0.8/b1_ms,evidence_snapshot/evidence/dsanet/benchmark/ucf-summary.json,results.batch1-keep0.8.gpu_p50_ms_median_of_processes,5.338111877441406,multiply by 1,3bf7eea90142dadaf137e3267e119502fdf71604cad624af2abe4a0bedd3f6d1
clip/ucf/keep0.8/b1_speedup,evidence_snapshot/evidence/dsanet/benchmark/ucf-summary.json,results.batch1-keep0.8.speedup_vs_dense_median,0.952618493962214,multiply by 1,3bf7eea90142dadaf137e3267e119502fdf71604cad624af2abe4a0bedd3f6d1
clip/ucf/keep0.8/b1_alloc_gib,evidence_snapshot/evidence/dsanet/benchmark/ucf-summary.json,results.batch1-keep0.8.peak_allocated_mib_median,0.5829834938049316,multiply by 0.0009765625,3bf7eea90142dadaf137e3267e119502fdf71604cad624af2abe4a0bedd3f6d1
clip/ucf/keep0.8/b1_reserved_gib,evidence_snapshot/evidence/dsanet/benchmark/ucf-summary.json,results.batch1-keep0.8.peak_reserved_mib_median,0.625,multiply by 0.0009765625,3bf7eea90142dadaf137e3267e119502fdf71604cad624af2abe4a0bedd3f6d1
clip/ucf/keep0.6/block_gflops,evidence_snapshot/evidence/dsanet/benchmark/ucf-summary.json,results.batch32-keep0.6.principal_block_gflops_per_image,27.815694336,multiply by 1,3bf7eea90142dadaf137e3267e119502fdf71604cad624af2abe4a0bedd3f6d1
clip/ucf/keep0.6/b32_ms,evidence_snapshot/evidence/dsanet/benchmark/ucf-summary.json,results.batch32-keep0.6.gpu_p50_ms_median_of_processes,65.81964874267578,multiply by 1,3bf7eea90142dadaf137e3267e119502fdf71604cad624af2abe4a0bedd3f6d1
clip/ucf/keep0.6/b32_throughput,evidence_snapshot/evidence/dsanet/benchmark/ucf-summary.json,results.batch32-keep0.6.throughput_images_per_second_median,486.1770096207155,multiply by 1,3bf7eea90142dadaf137e3267e119502fdf71604cad624af2abe4a0bedd3f6d1
clip/ucf/keep0.6/b32_speedup,evidence_snapshot/evidence/dsanet/benchmark/ucf-summary.json,results.batch32-keep0.6.speedup_vs_dense_median,1.2218979227614737,multiply by 1,3bf7eea90142dadaf137e3267e119502fdf71604cad624af2abe4a0bedd3f6d1
clip/ucf/keep0.6/b1_ms,evidence_snapshot/evidence/dsanet/benchmark/ucf-summary.json,results.batch1-keep0.6.gpu_p50_ms_median_of_processes,5.321216106414795,multiply by 1,3bf7eea90142dadaf137e3267e119502fdf71604cad624af2abe4a0bedd3f6d1
clip/ucf/keep0.6/b1_speedup,evidence_snapshot/evidence/dsanet/benchmark/ucf-summary.json,results.batch1-keep0.6.speedup_vs_dense_median,0.955643220571287,multiply by 1,3bf7eea90142dadaf137e3267e119502fdf71604cad624af2abe4a0bedd3f6d1
clip/ucf/keep0.6/b1_alloc_gib,evidence_snapshot/evidence/dsanet/benchmark/ucf-summary.json,results.batch1-keep0.6.peak_allocated_mib_median,0.5835471153259277,multiply by 0.0009765625,3bf7eea90142dadaf137e3267e119502fdf71604cad624af2abe4a0bedd3f6d1
clip/ucf/keep0.6/b1_reserved_gib,evidence_snapshot/evidence/dsanet/benchmark/ucf-summary.json,results.batch1-keep0.6.peak_reserved_mib_median,0.626953125,multiply by 0.0009765625,3bf7eea90142dadaf137e3267e119502fdf71604cad624af2abe4a0bedd3f6d1
clip/ucf/keep0.4/block_gflops,evidence_snapshot/evidence/dsanet/benchmark/ucf-summary.json,results.batch32-keep0.4.principal_block_gflops_per_image,24.272326656,multiply by 1,3bf7eea90142dadaf137e3267e119502fdf71604cad624af2abe4a0bedd3f6d1
clip/ucf/keep0.4/b32_ms,evidence_snapshot/evidence/dsanet/benchmark/ucf-summary.json,results.batch32-keep0.4.gpu_p50_ms_median_of_processes,58.12070274353027,multiply by 1,3bf7eea90142dadaf137e3267e119502fdf71604cad624af2abe4a0bedd3f6d1
clip/ucf/keep0.4/b32_throughput,evidence_snapshot/evidence/dsanet/benchmark/ucf-summary.json,results.batch32-keep0.4.throughput_images_per_second_median,550.5783393777373,multiply by 1,3bf7eea90142dadaf137e3267e119502fdf71604cad624af2abe4a0bedd3f6d1
clip/ucf/keep0.4/b32_speedup,evidence_snapshot/evidence/dsanet/benchmark/ucf-summary.json,results.batch32-keep0.4.speedup_vs_dense_median,1.381379850675604,multiply by 1,3bf7eea90142dadaf137e3267e119502fdf71604cad624af2abe4a0bedd3f6d1
clip/ucf/keep0.4/b1_ms,evidence_snapshot/evidence/dsanet/benchmark/ucf-summary.json,results.batch1-keep0.4.gpu_p50_ms_median_of_processes,5.456896066665649,multiply by 1,3bf7eea90142dadaf137e3267e119502fdf71604cad624af2abe4a0bedd3f6d1
clip/ucf/keep0.4/b1_speedup,evidence_snapshot/evidence/dsanet/benchmark/ucf-summary.json,results.batch1-keep0.4.speedup_vs_dense_median,0.9323526741361826,multiply by 1,3bf7eea90142dadaf137e3267e119502fdf71604cad624af2abe4a0bedd3f6d1
clip/ucf/keep0.4/b1_alloc_gib,evidence_snapshot/evidence/dsanet/benchmark/ucf-summary.json,results.batch1-keep0.4.peak_allocated_mib_median,0.5835471153259277,multiply by 0.0009765625,3bf7eea90142dadaf137e3267e119502fdf71604cad624af2abe4a0bedd3f6d1
clip/ucf/keep0.4/b1_reserved_gib,evidence_snapshot/evidence/dsanet/benchmark/ucf-summary.json,results.batch1-keep0.4.peak_reserved_mib_median,0.626953125,multiply by 0.0009765625,3bf7eea90142dadaf137e3267e119502fdf71604cad624af2abe4a0bedd3f6d1
clip/xd/keep1.0/block_gflops,evidence_snapshot/evidence/dsanet/benchmark/xd-summary.json,results.batch32-keepNone.principal_block_gflops_per_image,34.89490944,multiply by 1,54fa00ac289f1bd1ad5b8c7523e0e808249dabdb7d321dff6f6ab6312dfd4b2c
clip/xd/keep1.0/b32_ms,evidence_snapshot/evidence/dsanet/benchmark/xd-summary.json,results.batch32-keepNone.gpu_p50_ms_median_of_processes,81.75360107421875,multiply by 1,54fa00ac289f1bd1ad5b8c7523e0e808249dabdb7d321dff6f6ab6312dfd4b2c
clip/xd/keep1.0/b32_throughput,evidence_snapshot/evidence/dsanet/benchmark/xd-summary.json,results.batch32-keepNone.throughput_images_per_second_median,391.4200668781464,multiply by 1,54fa00ac289f1bd1ad5b8c7523e0e808249dabdb7d321dff6f6ab6312dfd4b2c
clip/xd/keep1.0/b32_speedup,evidence_snapshot/evidence/dsanet/benchmark/xd-summary.json,results.batch32-keepNone.speedup_vs_dense_median,1.0,multiply by 1,54fa00ac289f1bd1ad5b8c7523e0e808249dabdb7d321dff6f6ab6312dfd4b2c
clip/xd/keep1.0/b1_ms,evidence_snapshot/evidence/dsanet/benchmark/xd-summary.json,results.batch1-keepNone.gpu_p50_ms_median_of_processes,5.105663776397705,multiply by 1,54fa00ac289f1bd1ad5b8c7523e0e808249dabdb7d321dff6f6ab6312dfd4b2c
clip/xd/keep1.0/b1_speedup,evidence_snapshot/evidence/dsanet/benchmark/xd-summary.json,results.batch1-keepNone.speedup_vs_dense_median,1.0,multiply by 1,54fa00ac289f1bd1ad5b8c7523e0e808249dabdb7d321dff6f6ab6312dfd4b2c
clip/xd/keep1.0/b1_alloc_gib,evidence_snapshot/evidence/dsanet/benchmark/xd-summary.json,results.batch1-keepNone.peak_allocated_mib_median,0.5835471153259277,multiply by 0.0009765625,54fa00ac289f1bd1ad5b8c7523e0e808249dabdb7d321dff6f6ab6312dfd4b2c
clip/xd/keep1.0/b1_reserved_gib,evidence_snapshot/evidence/dsanet/benchmark/xd-summary.json,results.batch1-keepNone.peak_reserved_mib_median,0.626953125,multiply by 0.0009765625,54fa00ac289f1bd1ad5b8c7523e0e808249dabdb7d321dff6f6ab6312dfd4b2c
clip/xd/keep0.8/block_gflops,evidence_snapshot/evidence/dsanet/benchmark/xd-summary.json,results.batch32-keep0.8.principal_block_gflops_per_image,31.327266816,multiply by 1,54fa00ac289f1bd1ad5b8c7523e0e808249dabdb7d321dff6f6ab6312dfd4b2c
clip/xd/keep0.8/b32_ms,evidence_snapshot/evidence/dsanet/benchmark/xd-summary.json,results.batch32-keep0.8.gpu_p50_ms_median_of_processes,74.66291046142578,multiply by 1,54fa00ac289f1bd1ad5b8c7523e0e808249dabdb7d321dff6f6ab6312dfd4b2c
clip/xd/keep0.8/b32_throughput,evidence_snapshot/evidence/dsanet/benchmark/xd-summary.json,results.batch32-keep0.8.throughput_images_per_second_median,428.5929895075901,multiply by 1,54fa00ac289f1bd1ad5b8c7523e0e808249dabdb7d321dff6f6ab6312dfd4b2c
clip/xd/keep0.8/b32_speedup,evidence_snapshot/evidence/dsanet/benchmark/xd-summary.json,results.batch32-keep0.8.speedup_vs_dense_median,1.0930967405141914,multiply by 1,54fa00ac289f1bd1ad5b8c7523e0e808249dabdb7d321dff6f6ab6312dfd4b2c
clip/xd/keep0.8/b1_ms,evidence_snapshot/evidence/dsanet/benchmark/xd-summary.json,results.batch1-keep0.8.gpu_p50_ms_median_of_processes,5.555711984634399,multiply by 1,54fa00ac289f1bd1ad5b8c7523e0e808249dabdb7d321dff6f6ab6312dfd4b2c
clip/xd/keep0.8/b1_speedup,evidence_snapshot/evidence/dsanet/benchmark/xd-summary.json,results.batch1-keep0.8.speedup_vs_dense_median,0.9189936034334741,multiply by 1,54fa00ac289f1bd1ad5b8c7523e0e808249dabdb7d321dff6f6ab6312dfd4b2c
clip/xd/keep0.8/b1_alloc_gib,evidence_snapshot/evidence/dsanet/benchmark/xd-summary.json,results.batch1-keep0.8.peak_allocated_mib_median,0.5829834938049316,multiply by 0.0009765625,54fa00ac289f1bd1ad5b8c7523e0e808249dabdb7d321dff6f6ab6312dfd4b2c
clip/xd/keep0.8/b1_reserved_gib,evidence_snapshot/evidence/dsanet/benchmark/xd-summary.json,results.batch1-keep0.8.peak_reserved_mib_median,0.625,multiply by 0.0009765625,54fa00ac289f1bd1ad5b8c7523e0e808249dabdb7d321dff6f6ab6312dfd4b2c
clip/xd/keep0.6/block_gflops,evidence_snapshot/evidence/dsanet/benchmark/xd-summary.json,results.batch32-keep0.6.principal_block_gflops_per_image,27.815694336,multiply by 1,54fa00ac289f1bd1ad5b8c7523e0e808249dabdb7d321dff6f6ab6312dfd4b2c
clip/xd/keep0.6/b32_ms,evidence_snapshot/evidence/dsanet/benchmark/xd-summary.json,results.batch32-keep0.6.gpu_p50_ms_median_of_processes,66.95219039916992,multiply by 1,54fa00ac289f1bd1ad5b8c7523e0e808249dabdb7d321dff6f6ab6312dfd4b2c
clip/xd/keep0.6/b32_throughput,evidence_snapshot/evidence/dsanet/benchmark/xd-summary.json,results.batch32-keep0.6.throughput_images_per_second_median,477.95299614867776,multiply by 1,54fa00ac289f1bd1ad5b8c7523e0e808249dabdb7d321dff6f6ab6312dfd4b2c
clip/xd/keep0.6/b32_speedup,evidence_snapshot/evidence/dsanet/benchmark/xd-summary.json,results.batch32-keep0.6.speedup_vs_dense_median,1.2210743306052065,multiply by 1,54fa00ac289f1bd1ad5b8c7523e0e808249dabdb7d321dff6f6ab6312dfd4b2c
clip/xd/keep0.6/b1_ms,evidence_snapshot/evidence/dsanet/benchmark/xd-summary.json,results.batch1-keep0.6.gpu_p50_ms_median_of_processes,5.3094401359558105,multiply by 1,54fa00ac289f1bd1ad5b8c7523e0e808249dabdb7d321dff6f6ab6312dfd4b2c
clip/xd/keep0.6/b1_speedup,evidence_snapshot/evidence/dsanet/benchmark/xd-summary.json,results.batch1-keep0.6.speedup_vs_dense_median,0.9616199911214516,multiply by 1,54fa00ac289f1bd1ad5b8c7523e0e808249dabdb7d321dff6f6ab6312dfd4b2c
clip/xd/keep0.6/b1_alloc_gib,evidence_snapshot/evidence/dsanet/benchmark/xd-summary.json,results.batch1-keep0.6.peak_allocated_mib_median,0.5835471153259277,multiply by 0.0009765625,54fa00ac289f1bd1ad5b8c7523e0e808249dabdb7d321dff6f6ab6312dfd4b2c
clip/xd/keep0.6/b1_reserved_gib,evidence_snapshot/evidence/dsanet/benchmark/xd-summary.json,results.batch1-keep0.6.peak_reserved_mib_median,0.626953125,multiply by 0.0009765625,54fa00ac289f1bd1ad5b8c7523e0e808249dabdb7d321dff6f6ab6312dfd4b2c
clip/xd/keep0.4/block_gflops,evidence_snapshot/evidence/dsanet/benchmark/xd-summary.json,results.batch32-keep0.4.principal_block_gflops_per_image,24.272326656,multiply by 1,54fa00ac289f1bd1ad5b8c7523e0e808249dabdb7d321dff6f6ab6312dfd4b2c
clip/xd/keep0.4/b32_ms,evidence_snapshot/evidence/dsanet/benchmark/xd-summary.json,results.batch32-keep0.4.gpu_p50_ms_median_of_processes,59.10067176818848,multiply by 1,54fa00ac289f1bd1ad5b8c7523e0e808249dabdb7d321dff6f6ab6312dfd4b2c
clip/xd/keep0.4/b32_throughput,evidence_snapshot/evidence/dsanet/benchmark/xd-summary.json,results.batch32-keep0.4.throughput_images_per_second_median,541.4490062907257,multiply by 1,54fa00ac289f1bd1ad5b8c7523e0e808249dabdb7d321dff6f6ab6312dfd4b2c
clip/xd/keep0.4/b32_speedup,evidence_snapshot/evidence/dsanet/benchmark/xd-summary.json,results.batch32-keep0.4.speedup_vs_dense_median,1.3832939394476298,multiply by 1,54fa00ac289f1bd1ad5b8c7523e0e808249dabdb7d321dff6f6ab6312dfd4b2c
clip/xd/keep0.4/b1_ms,evidence_snapshot/evidence/dsanet/benchmark/xd-summary.json,results.batch1-keep0.4.gpu_p50_ms_median_of_processes,5.550591945648193,multiply by 1,54fa00ac289f1bd1ad5b8c7523e0e808249dabdb7d321dff6f6ab6312dfd4b2c
clip/xd/keep0.4/b1_speedup,evidence_snapshot/evidence/dsanet/benchmark/xd-summary.json,results.batch1-keep0.4.speedup_vs_dense_median,0.924176759717313,multiply by 1,54fa00ac289f1bd1ad5b8c7523e0e808249dabdb7d321dff6f6ab6312dfd4b2c
clip/xd/keep0.4/b1_alloc_gib,evidence_snapshot/evidence/dsanet/benchmark/xd-summary.json,results.batch1-keep0.4.peak_allocated_mib_median,0.5835471153259277,multiply by 0.0009765625,54fa00ac289f1bd1ad5b8c7523e0e808249dabdb7d321dff6f6ab6312dfd4b2c
clip/xd/keep0.4/b1_reserved_gib,evidence_snapshot/evidence/dsanet/benchmark/xd-summary.json,results.batch1-keep0.4.peak_reserved_mib_median,0.626953125,multiply by 0.0009765625,54fa00ac289f1bd1ad5b8c7523e0e808249dabdb7d321dff6f6ab6312dfd4b2c
ucf/keep1.0/rep0/pipeline_wall_s,evidence_snapshot/evidence/dsanet/results_published/pipeline-exclusive-r02/ucf-dense-r0.json,total_wall_seconds,26.364240746945143,multiply by 1,8f5e7cd7a931a66351ddb96b1b4df6dcdd4a387412d712b4923d9efcb859e0f3
ucf/keep1.0/rep0/pipeline_alloc_gib,evidence_snapshot/evidence/dsanet/results_published/pipeline-exclusive-r02/ucf-dense-r0.json,peak_gpu_allocated_bytes,1.6012401580810547,multiply by 9.313225746154785e-10,8f5e7cd7a931a66351ddb96b1b4df6dcdd4a387412d712b4923d9efcb859e0f3
ucf/keep1.0/rep1/pipeline_wall_s,evidence_snapshot/evidence/dsanet/results_published/pipeline-exclusive-r02/ucf-dense-r1.json,total_wall_seconds,25.73729128949344,multiply by 1,a2fffbcd3f5f56df644c98bc7f2e888945178a2cc4f23fa7ee1e4c727e5657bb
ucf/keep1.0/rep1/pipeline_alloc_gib,evidence_snapshot/evidence/dsanet/results_published/pipeline-exclusive-r02/ucf-dense-r1.json,peak_gpu_allocated_bytes,1.6012401580810547,multiply by 9.313225746154785e-10,a2fffbcd3f5f56df644c98bc7f2e888945178a2cc4f23fa7ee1e4c727e5657bb
ucf/keep1.0/rep2/pipeline_wall_s,evidence_snapshot/evidence/dsanet/results_published/pipeline-exclusive-r02/ucf-dense-r2.json,total_wall_seconds,25.68730433471501,multiply by 1,d3c44a03a9ae06bc377757fc3cfaffad2867be857af78da621ee8175e4b6a8a2
ucf/keep1.0/rep2/pipeline_alloc_gib,evidence_snapshot/evidence/dsanet/results_published/pipeline-exclusive-r02/ucf-dense-r2.json,peak_gpu_allocated_bytes,1.6012401580810547,multiply by 9.313225746154785e-10,d3c44a03a9ae06bc377757fc3cfaffad2867be857af78da621ee8175e4b6a8a2
ucf/keep0.8/rep0/pipeline_wall_s,evidence_snapshot/evidence/dsanet/results_published/pipeline-exclusive-r02/ucf-0.8-r0.json,total_wall_seconds,26.410052321851254,multiply by 1,d078fb05bf8bec704a9f1891ede3bd264b7243bc3ce58fb5f33b1f69b8907df7
ucf/keep0.8/rep0/pipeline_alloc_gib,evidence_snapshot/evidence/dsanet/results_published/pipeline-exclusive-r02/ucf-0.8-r0.json,peak_gpu_allocated_bytes,1.6012420654296875,multiply by 9.313225746154785e-10,d078fb05bf8bec704a9f1891ede3bd264b7243bc3ce58fb5f33b1f69b8907df7
ucf/keep0.8/rep1/pipeline_wall_s,evidence_snapshot/evidence/dsanet/results_published/pipeline-exclusive-r02/ucf-0.8-r1.json,total_wall_seconds,27.063453340902925,multiply by 1,11742c9ec759f15536017bd6b4f0ee56ce96a0579b75cf279f9a9e67cb514399
ucf/keep0.8/rep1/pipeline_alloc_gib,evidence_snapshot/evidence/dsanet/results_published/pipeline-exclusive-r02/ucf-0.8-r1.json,peak_gpu_allocated_bytes,1.6012420654296875,multiply by 9.313225746154785e-10,11742c9ec759f15536017bd6b4f0ee56ce96a0579b75cf279f9a9e67cb514399
ucf/keep0.8/rep2/pipeline_wall_s,evidence_snapshot/evidence/dsanet/results_published/pipeline-exclusive-r02/ucf-0.8-r2.json,total_wall_seconds,26.53054940700531,multiply by 1,b31f56319f99041129e3677b02de7b7c51f514fecc61f35dc6704f904afda4d7
ucf/keep0.8/rep2/pipeline_alloc_gib,evidence_snapshot/evidence/dsanet/results_published/pipeline-exclusive-r02/ucf-0.8-r2.json,peak_gpu_allocated_bytes,1.6012420654296875,multiply by 9.313225746154785e-10,b31f56319f99041129e3677b02de7b7c51f514fecc61f35dc6704f904afda4d7
ucf/keep0.6/rep0/pipeline_wall_s,evidence_snapshot/evidence/dsanet/results_published/pipeline-exclusive-r02/ucf-0.6-r0.json,total_wall_seconds,26.59473578259349,multiply by 1,62eb0741de8ce16e86f9ba9fb71cfb056e1f9381ba76d68427a09e897cf03df3
ucf/keep0.6/rep0/pipeline_alloc_gib,evidence_snapshot/evidence/dsanet/results_published/pipeline-exclusive-r02/ucf-0.6-r0.json,peak_gpu_allocated_bytes,1.6012420654296875,multiply by 9.313225746154785e-10,62eb0741de8ce16e86f9ba9fb71cfb056e1f9381ba76d68427a09e897cf03df3
ucf/keep0.6/rep1/pipeline_wall_s,evidence_snapshot/evidence/dsanet/results_published/pipeline-exclusive-r02/ucf-0.6-r1.json,total_wall_seconds,25.680917164310813,multiply by 1,18e0b04548ed8117d6da34b146e9d6decacd34158c3dc424963daed63df8f17d
ucf/keep0.6/rep1/pipeline_alloc_gib,evidence_snapshot/evidence/dsanet/results_published/pipeline-exclusive-r02/ucf-0.6-r1.json,peak_gpu_allocated_bytes,1.6012420654296875,multiply by 9.313225746154785e-10,18e0b04548ed8117d6da34b146e9d6decacd34158c3dc424963daed63df8f17d
ucf/keep0.6/rep2/pipeline_wall_s,evidence_snapshot/evidence/dsanet/results_published/pipeline-exclusive-r02/ucf-0.6-r2.json,total_wall_seconds,26.80984091386199,multiply by 1,6e0fc191d0fcb178f3c2958d9c96a76749132128901e7a3ca97d777c416ab049
ucf/keep0.6/rep2/pipeline_alloc_gib,evidence_snapshot/evidence/dsanet/results_published/pipeline-exclusive-r02/ucf-0.6-r2.json,peak_gpu_allocated_bytes,1.6012420654296875,multiply by 9.313225746154785e-10,6e0fc191d0fcb178f3c2958d9c96a76749132128901e7a3ca97d777c416ab049
ucf/keep0.4/rep0/pipeline_wall_s,evidence_snapshot/evidence/dsanet/results_published/pipeline-exclusive-r02/ucf-0.4-r0.json,total_wall_seconds,26.7809470128268,multiply by 1,b3b09ab4375d1f8c226e45638aef9a1137adf68cc3fdb159753fb2a8b4919cd0
ucf/keep0.4/rep0/pipeline_alloc_gib,evidence_snapshot/evidence/dsanet/results_published/pipeline-exclusive-r02/ucf-0.4-r0.json,peak_gpu_allocated_bytes,1.6012420654296875,multiply by 9.313225746154785e-10,b3b09ab4375d1f8c226e45638aef9a1137adf68cc3fdb159753fb2a8b4919cd0
ucf/keep0.4/rep1/pipeline_wall_s,evidence_snapshot/evidence/dsanet/results_published/pipeline-exclusive-r02/ucf-0.4-r1.json,total_wall_seconds,26.307812938466668,multiply by 1,780d84d515ed055391f39a091e429c2e7129436d042f643fb552800aaaf9a065
ucf/keep0.4/rep1/pipeline_alloc_gib,evidence_snapshot/evidence/dsanet/results_published/pipeline-exclusive-r02/ucf-0.4-r1.json,peak_gpu_allocated_bytes,1.6012420654296875,multiply by 9.313225746154785e-10,780d84d515ed055391f39a091e429c2e7129436d042f643fb552800aaaf9a065
ucf/keep0.4/rep2/pipeline_wall_s,evidence_snapshot/evidence/dsanet/results_published/pipeline-exclusive-r02/ucf-0.4-r2.json,total_wall_seconds,26.988456008955836,multiply by 1,450a425dfc352a89c46115457602ed500a90f3a95a6bd9c2a4028b2529125ca6
ucf/keep0.4/rep2/pipeline_alloc_gib,evidence_snapshot/evidence/dsanet/results_published/pipeline-exclusive-r02/ucf-0.4-r2.json,peak_gpu_allocated_bytes,1.6012420654296875,multiply by 9.313225746154785e-10,450a425dfc352a89c46115457602ed500a90f3a95a6bd9c2a4028b2529125ca6
xd/keep1.0/rep0/pipeline_wall_s,evidence_snapshot/evidence/dsanet/results_published/pipeline-exclusive-r02/xd-dense-r0.json,total_wall_seconds,28.26088570430875,multiply by 1,e0b27f7a03a54b67666d66183a2c71098c9ce451788d54119eaeb6dab6219e87
xd/keep1.0/rep0/pipeline_alloc_gib,evidence_snapshot/evidence/dsanet/results_published/pipeline-exclusive-r02/xd-dense-r0.json,peak_gpu_allocated_bytes,1.5866146087646484,multiply by 9.313225746154785e-10,e0b27f7a03a54b67666d66183a2c71098c9ce451788d54119eaeb6dab6219e87
xd/keep1.0/rep1/pipeline_wall_s,evidence_snapshot/evidence/dsanet/results_published/pipeline-exclusive-r02/xd-dense-r1.json,total_wall_seconds,28.02280176617205,multiply by 1,33461f930388345e369558d8093056a8e84903565885a36238e3e915986a8ba3
xd/keep1.0/rep1/pipeline_alloc_gib,evidence_snapshot/evidence/dsanet/results_published/pipeline-exclusive-r02/xd-dense-r1.json,peak_gpu_allocated_bytes,1.5866146087646484,multiply by 9.313225746154785e-10,33461f930388345e369558d8093056a8e84903565885a36238e3e915986a8ba3
xd/keep1.0/rep2/pipeline_wall_s,evidence_snapshot/evidence/dsanet/results_published/pipeline-exclusive-r02/xd-dense-r2.json,total_wall_seconds,28.156827313825488,multiply by 1,cdf24922151793fe5c7d76e76be399481623baadec5a7f5bcd7849fcde05530f
xd/keep1.0/rep2/pipeline_alloc_gib,evidence_snapshot/evidence/dsanet/results_published/pipeline-exclusive-r02/xd-dense-r2.json,peak_gpu_allocated_bytes,1.5866146087646484,multiply by 9.313225746154785e-10,cdf24922151793fe5c7d76e76be399481623baadec5a7f5bcd7849fcde05530f
xd/keep0.8/rep0/pipeline_wall_s,evidence_snapshot/evidence/dsanet/results_published/pipeline-exclusive-r02/xd-0.8-r0.json,total_wall_seconds,28.04267578944564,multiply by 1,d710ad7c05bf85cbe46e5222b635389ffd27b1c584c3292f89e75bd9a86b148d
xd/keep0.8/rep0/pipeline_alloc_gib,evidence_snapshot/evidence/dsanet/results_published/pipeline-exclusive-r02/xd-0.8-r0.json,peak_gpu_allocated_bytes,1.5866165161132812,multiply by 9.313225746154785e-10,d710ad7c05bf85cbe46e5222b635389ffd27b1c584c3292f89e75bd9a86b148d
xd/keep0.8/rep1/pipeline_wall_s,evidence_snapshot/evidence/dsanet/results_published/pipeline-exclusive-r02/xd-0.8-r1.json,total_wall_seconds,27.961959151551127,multiply by 1,5043c35d2e00d84bf2b4eb788d2cba7db2fb55da1b323d35d0a24c656c0f3561
xd/keep0.8/rep1/pipeline_alloc_gib,evidence_snapshot/evidence/dsanet/results_published/pipeline-exclusive-r02/xd-0.8-r1.json,peak_gpu_allocated_bytes,1.5866165161132812,multiply by 9.313225746154785e-10,5043c35d2e00d84bf2b4eb788d2cba7db2fb55da1b323d35d0a24c656c0f3561
xd/keep0.8/rep2/pipeline_wall_s,evidence_snapshot/evidence/dsanet/results_published/pipeline-exclusive-r02/xd-0.8-r2.json,total_wall_seconds,27.94124228321016,multiply by 1,0e0ae185dee47b53c1728cf358c4579b4591f19c532cdc539ad8d28f94e4c11c
xd/keep0.8/rep2/pipeline_alloc_gib,evidence_snapshot/evidence/dsanet/results_published/pipeline-exclusive-r02/xd-0.8-r2.json,peak_gpu_allocated_bytes,1.5866165161132812,multiply by 9.313225746154785e-10,0e0ae185dee47b53c1728cf358c4579b4591f19c532cdc539ad8d28f94e4c11c
xd/keep0.6/rep0/pipeline_wall_s,evidence_snapshot/evidence/dsanet/results_published/pipeline-exclusive-r02/xd-0.6-r0.json,total_wall_seconds,28.040742810815573,multiply by 1,0bf8994dc64ec85a6b9a331bae69120742a1940de851d7647b3862aae8e6cb20
xd/keep0.6/rep0/pipeline_alloc_gib,evidence_snapshot/evidence/dsanet/results_published/pipeline-exclusive-r02/xd-0.6-r0.json,peak_gpu_allocated_bytes,1.5866165161132812,multiply by 9.313225746154785e-10,0bf8994dc64ec85a6b9a331bae69120742a1940de851d7647b3862aae8e6cb20
xd/keep0.6/rep1/pipeline_wall_s,evidence_snapshot/evidence/dsanet/results_published/pipeline-exclusive-r02/xd-0.6-r1.json,total_wall_seconds,27.531663419678807,multiply by 1,67fc096d97b6d57d2baeed6b79f26158fa0153ecb5c4c76b3ddd514b05adfe16
xd/keep0.6/rep1/pipeline_alloc_gib,evidence_snapshot/evidence/dsanet/results_published/pipeline-exclusive-r02/xd-0.6-r1.json,peak_gpu_allocated_bytes,1.5866165161132812,multiply by 9.313225746154785e-10,67fc096d97b6d57d2baeed6b79f26158fa0153ecb5c4c76b3ddd514b05adfe16
xd/keep0.6/rep2/pipeline_wall_s,evidence_snapshot/evidence/dsanet/results_published/pipeline-exclusive-r02/xd-0.6-r2.json,total_wall_seconds,28.33605222031474,multiply by 1,13feadaa14e206d88d9559ba91dec1d586834492a4f491a216f76056a5e71743
xd/keep0.6/rep2/pipeline_alloc_gib,evidence_snapshot/evidence/dsanet/results_published/pipeline-exclusive-r02/xd-0.6-r2.json,peak_gpu_allocated_bytes,1.5866165161132812,multiply by 9.313225746154785e-10,13feadaa14e206d88d9559ba91dec1d586834492a4f491a216f76056a5e71743
xd/keep0.4/rep0/pipeline_wall_s,evidence_snapshot/evidence/dsanet/results_published/pipeline-exclusive-r02/xd-0.4-r0.json,total_wall_seconds,27.737083783373237,multiply by 1,9d719aa20f4a78a1991d8d26eeb95bbf302b7ea096fff83af38669ae3eb75d1c
xd/keep0.4/rep0/pipeline_alloc_gib,evidence_snapshot/evidence/dsanet/results_published/pipeline-exclusive-r02/xd-0.4-r0.json,peak_gpu_allocated_bytes,1.5866165161132812,multiply by 9.313225746154785e-10,9d719aa20f4a78a1991d8d26eeb95bbf302b7ea096fff83af38669ae3eb75d1c
xd/keep0.4/rep1/pipeline_wall_s,evidence_snapshot/evidence/dsanet/results_published/pipeline-exclusive-r02/xd-0.4-r1.json,total_wall_seconds,27.627428209409118,multiply by 1,ec70e6bbcf1a053574ce994ee6c62a4c1b38d87345c3edc7a5d5f27bf1037ff2
xd/keep0.4/rep1/pipeline_alloc_gib,evidence_snapshot/evidence/dsanet/results_published/pipeline-exclusive-r02/xd-0.4-r1.json,peak_gpu_allocated_bytes,1.5866165161132812,multiply by 9.313225746154785e-10,ec70e6bbcf1a053574ce994ee6c62a4c1b38d87345c3edc7a5d5f27bf1037ff2
xd/keep0.4/rep2/pipeline_wall_s,evidence_snapshot/evidence/dsanet/results_published/pipeline-exclusive-r02/xd-0.4-r2.json,total_wall_seconds,28.2215804066509,multiply by 1,8f1fb05e0dce42c1d3850084b1a5e04a819d7160cbce9e7faab6d2cb30c0bf59
xd/keep0.4/rep2/pipeline_alloc_gib,evidence_snapshot/evidence/dsanet/results_published/pipeline-exclusive-r02/xd-0.4-r2.json,peak_gpu_allocated_bytes,1.5866165161132812,multiply by 9.313225746154785e-10,8f1fb05e0dce42c1d3850084b1a5e04a819d7160cbce9e7faab6d2cb30c0bf59
