dataset,encoder,method,run_id,metric_name,metric_definition,dense_value,method_value,delta_pp,ci_low,ci_high,noninferiority_margin,point_noninferiority_pass,xd_average_precision_dense,xd_average_precision_method,xd_frame_ap_step_dense,xd_frame_ap_step_method,video_level_dense,video_level_method,n_videos,n_frames,dense_clips,compressed_clips,native_tokens_median,retained_tokens_median,retained_ratio_median,bootstrap_draws,valid_draws,bootstrap_seed,engine,quality_export_sha256,prediction_sha256,feature_index_sha256,feature_contract_sha256,head_checkpoint_sha256,training_qa_sha256
ucf_crime,videomaev2,pair_select,pair_select,frame_roc_auc,global_concatenated_frame_tie_aware_ROC_AUC,0.8063195770986713,0.8101937062483191,0.3874129149647798,-0.009435274264536343,0.019043476561958587,0.005,True,0.1929173007969029,0.19601799479996376,,,,,290,1111808,69364,69364,1568.0,941.0,0.6001275510204082,10000,10000,20260918,exact_video_pair_matrix_quadratic_form,9841b7bcb17ce56298d90a4f3c88eaa73f9a760f77b17e4caf5ac05604e5e0de,cb82645acec1d44467cf640b4087e8721287528808fc5b446702145dfb0ae593,4a9595dd7495f44e78d45e1c6795c23916dadc5b5d5f843a4a6b2d9226f56e11,ea2d062d038e81bd6c08e453f68eedc35dbbde9af6de460b07e0b49e71fbb099,d88b1ef49d7b5fb2aaabd7c2aeedba184b023193e617ec40c0652745bfdc2a26,3aae0446d9b321b69ed12a3346786f45c127baad494ef17a6a85d69d147cea72
ucf_crime,videomaev2,group_uniform,group_uniform,frame_roc_auc,global_concatenated_frame_tie_aware_ROC_AUC,0.8063195770986713,0.8052609405234269,-0.10586365752444094,-0.009638431197676925,0.006738460441284514,0.005,True,0.1929173007969029,0.19603385960906525,,,,,290,1111808,69364,69364,1568.0,941.0,0.6001275510204082,10000,10000,20260918,exact_video_pair_matrix_quadratic_form,ee66baf43512ec23ab97a76b6d7807fbb8a4b0f0db30e632c0994ab84613b73f,9bf78f55f4f5695d41595452727ba00c71639a740a7e0fe469f0669a2b5e21ec,aa591adbc66d98ab0e1247907a0ad168b8940c86006f5b619ea8ec5f86962145,62f3df15df3abf8091b35b5625b758758af5127087d63e4c5809eaff40b107d6,d88b1ef49d7b5fb2aaabd7c2aeedba184b023193e617ec40c0652745bfdc2a26,3aae0446d9b321b69ed12a3346786f45c127baad494ef17a6a85d69d147cea72
ucf_crime,videomaev2,group_random,group_random,frame_roc_auc,global_concatenated_frame_tie_aware_ROC_AUC,0.8063195770986713,0.8117332046442298,0.5413627545558519,-0.005371460103071984,0.016295282031963523,0.005,True,0.1929173007969029,0.20216042076036148,,,,,290,1111808,69364,69364,1568.0,941.0,0.6001275510204082,10000,10000,20260918,exact_video_pair_matrix_quadratic_form,b05f81d0a5d830d216b66272054a0c637ea4373978aae557f19ba4787f4a8105,58b23a174220e8ae6e2f6dde6a22704d56004c0fc111fecbdc382599e1bf8849,a1341860952e0112004bf57de41d822ef761d405c7b97b79b0715f85964e973f,85ca2e3472654508c68a9e4122064c93ffc3af0f733f3f00664f3735f2403f6a,d88b1ef49d7b5fb2aaabd7c2aeedba184b023193e617ec40c0652745bfdc2a26,3aae0446d9b321b69ed12a3346786f45c127baad494ef17a6a85d69d147cea72
ucf_crime,videomae,pair_select,pair_select,frame_roc_auc,global_concatenated_frame_tie_aware_ROC_AUC,0.8054874498911657,0.8038860814294985,-0.1601368461667252,-0.007525237980402739,0.005020121235857814,0.005,True,0.18821151875422876,0.18992761442983913,,,,,290,1111808,69364,69364,1568.0,941.0,0.6001275510204082,10000,10000,20260918,exact_video_pair_matrix_quadratic_form,0d396e53ddd9040f5321b0f26408bb6d91791c43b95b114de706e828a151f392,78e4cf7edd2d136515db451293df7e881ae44492e34503ca626762f9e5b3812d,e44c8ad6435e36d662f063bff8664e400223769822fcce85a9aa39f94720f967,25a0c262d2991e0d6e4def7e11b8d7abd278e216e966e2be6780295aa9235dc3,9c47365f8fb13a5380ac10cb9ade7c9acec685856b61c9fe5520521e10b63a36,6ea34cacef60fa5d9d03a679991e417568821815745bb5ba36491439e92b62f6
ucf_crime,videomae,group_uniform,group_uniform,frame_roc_auc,global_concatenated_frame_tie_aware_ROC_AUC,0.8054874498911657,0.8011737776354748,-0.43136722556909035,-0.014260594752755509,0.001023070880910652,0.005,True,0.18821151875422876,0.18396136562674426,,,,,290,1111808,69364,69364,1568.0,941.0,0.6001275510204082,10000,10000,20260918,exact_video_pair_matrix_quadratic_form,017bda0dd16f38a17f51a9be77268b28008e8e0310db01852f331d87d4ac8d47,a2701488ae63392963f84331f0681d30d794181c79ab0496b471e2f3ae66521c,7b3e6b9c3fc0e16322aef28235f2aa1607d584e7921756912fd96f09d252ef73,33963974d3fe2205c6370a6f20571ce74914f35c36c4ea74a787d2959052b377,9c47365f8fb13a5380ac10cb9ade7c9acec685856b61c9fe5520521e10b63a36,6ea34cacef60fa5d9d03a679991e417568821815745bb5ba36491439e92b62f6
ucf_crime,videomae,group_random,group_random,frame_roc_auc,global_concatenated_frame_tie_aware_ROC_AUC,0.8054874498911657,0.804622718059961,-0.08647318312047236,-0.005252529520498322,0.0031906433100832316,0.005,True,0.18821151875422876,0.1854962752839813,,,,,290,1111808,69364,69364,1568.0,941.0,0.6001275510204082,10000,10000,20260918,exact_video_pair_matrix_quadratic_form,0f83848597067abae37f9978b180599017c99bfdfbe0993244bfcaf2c1a919da,e8a51b7df2187f296be857a51e99dceebde07d07d0395369fb6014306b0b83a8,1119e26168f5f3918e1e6eb331407c3f5279e22dbb93eff052f9b42afefac8de,56a979ffed8a06f60ac5b1ec6f2dcb294f3321ae95ad218b590945b2b2241e15,9c47365f8fb13a5380ac10cb9ade7c9acec685856b61c9fe5520521e10b63a36,6ea34cacef60fa5d9d03a679991e417568821815745bb5ba36491439e92b62f6
ucf_crime,timesformer,pair_select,pair_select,frame_roc_auc,global_concatenated_frame_tie_aware_ROC_AUC,0.786800666468279,0.7867871291053665,-0.001353736291243024,-0.011192778445950104,0.011100205224777613,0.005,True,0.20366241466696283,0.2089803456768484,,,,,290,1111808,138853,138853,1569.0,897.0,0.5717017208413002,10000,10000,20260918,exact_video_pair_matrix_quadratic_form,06764d9da53937bf7c4e7cf5694c93c79f21427f52f37380c6e9175e2c1866e6,5aad88d7a3beabe81373778a9b3a18cfee767289e3c809c9f9aa0a8986bad857,1be30998846f7d7fb488ca078be752116209b91669821346a4be36145872afdd,63769438586578a189a2e18b1a64d97718add03298f36fa7603653b7ec6e7786,2b55818baffcf82f6ded925e7c8d13ce32eba6d85b48c87f0f93aefd730a9389,a96709a89f5822401de45f1770786485935d7787847fba520dfeef4de13cbb86
ucf_crime,timesformer,group_uniform,group_uniform,frame_roc_auc,global_concatenated_frame_tie_aware_ROC_AUC,0.786800666468279,0.7835380270513148,-0.32626394169641415,-0.016184011571268996,0.009434612557237565,0.005,True,0.20366241466696283,0.2001537515195201,,,,,290,1111808,138853,138853,1569.0,897.0,0.5717017208413002,10000,10000,20260918,exact_video_pair_matrix_quadratic_form,89ec6fcfbd92d84f2491b82cd40a31b96bfedfc6af1f3086063c940f410a3f37,a17e3da43a029c45822129b8bc2cf49e616db7f3ee21b1077e76183a4ebd2701,02bf26f90ba2223251d7a41690d0d76e94337fede3c38a07082b053e54fb9c5d,77fb95b4c801a56bee27cbb22a16a99854ee30c1b460d473a37f03602d78ab10,2b55818baffcf82f6ded925e7c8d13ce32eba6d85b48c87f0f93aefd730a9389,a96709a89f5822401de45f1770786485935d7787847fba520dfeef4de13cbb86
ucf_crime,timesformer,group_random,group_random,frame_roc_auc,global_concatenated_frame_tie_aware_ROC_AUC,0.786800666468279,0.7889239215517964,0.21232550835174058,-0.011193607377609674,0.016987950950883714,0.005,True,0.20366241466696283,0.20262554868478894,,,,,290,1111808,138853,138853,1569.0,897.0,0.5717017208413002,10000,10000,20260918,exact_video_pair_matrix_quadratic_form,6374b11148cc19415b549777f51ac95ecb2864f1bfde3ccfb301226e85fa4805,1de34700eb0a2bb4366db353ad7e2529823e4615bc40004dacdf3269d0377bdb,0e64c244d4c25609e474d0a4ec18e577bf71f8328f52f82b90c74ad646950781,a9b4bd3bb7bd8b1946cca22c374b201a820d40648deda49eea3c14f11c427315,2b55818baffcf82f6ded925e7c8d13ce32eba6d85b48c87f0f93aefd730a9389,a96709a89f5822401de45f1770786485935d7787847fba520dfeef4de13cbb86
xd_violence,videomaev2,pair_select,pair_select,frame_pr_auc,"auc(recall,precision)_trapezoids_with_PR_origin_not_step_AP",0.761810754931657,0.7650587559095415,0.324800097788458,-0.000554292505911691,0.007477656173666709,0.005,True,0.7033300985981891,0.7129773168107311,,,,,800,2330384,145703,145703,1568.0,941.0,0.6001275510204082,10000,10000,20260918,compressed_video_score_counts_sorted_once_batched_weighted_PR_trapezoids,a6e519577c53c186df4df6f5f4b22c53ea9362fa8a2f15411cc2a28cb74011d7,a4d199f46b59bf7dfc134f6b2ad0fec02cd9e0a3160b76f9b089724deeb048ae,67acbedbe849985ed35a739161d4fbf01788f7990240166f1d135a5310033b86,203c01c271552277c22fcf8d459f96fb72b73983e5d190cbbae590f7c16cb43d,35f320f3f34e3a82e5d7e2eef70e509104d7383e84dbe48ed47c2111fde20d99,759e2f8b87e1bf2d16c4c1c1073c6f86fd81769d9f2badcea60ce55124904b32
xd_violence,videomaev2,group_uniform,group_uniform,frame_pr_auc,"auc(recall,precision)_trapezoids_with_PR_origin_not_step_AP",0.761810754931657,0.7577118301121475,-0.4098924819509464,-0.008588888065180909,-0.0002015656115037651,0.005,True,0.7033300985981891,0.7046970307426121,,,,,800,2330384,145703,145703,1568.0,941.0,0.6001275510204082,10000,10000,20260918,compressed_video_score_counts_sorted_once_batched_weighted_PR_trapezoids,05822c3f43f03df9d092db792c97802f473595fb399f06f1e26c3d715fb493ad,9180522b04fcc115d7e7a43a254a0d3d7cfe4bc579442e4c0df82e9526ada8f9,db0b90e413439c2a05f79534f8627f3fa04d35fc7aad4d6d72ce022baa8cc945,af1500c482b3c9164eeec3983baaa617a9f41319b0c0bc1270642b6f92d42990,35f320f3f34e3a82e5d7e2eef70e509104d7383e84dbe48ed47c2111fde20d99,759e2f8b87e1bf2d16c4c1c1073c6f86fd81769d9f2badcea60ce55124904b32
xd_violence,videomaev2,group_random,group_random,frame_pr_auc,"auc(recall,precision)_trapezoids_with_PR_origin_not_step_AP",0.761810754931657,0.757557203262588,-0.42535516690689334,-0.00791821444931263,-0.00022768890260358173,0.005,True,0.7033300985981891,0.7040729949981894,,,,,800,2330384,145703,145703,1568.0,941.0,0.6001275510204082,10000,10000,20260918,compressed_video_score_counts_sorted_once_batched_weighted_PR_trapezoids,f7e56ddd578b0fb6329aceb5158979404fa8ea91a4a5674eab5b481d8b8b07b5,437668cf963afaf32414a38f4dc5a2ab06b8560c55ca01da4e99624a795f1044,4c121c49a63de12b7cbfbc0e9137f4e2fddcb38897b1a248509f587c019f5590,de006c29c227ddc87dfb2b518dfb0251dbb8d30745bd930cdf47ae178ef108b7,35f320f3f34e3a82e5d7e2eef70e509104d7383e84dbe48ed47c2111fde20d99,759e2f8b87e1bf2d16c4c1c1073c6f86fd81769d9f2badcea60ce55124904b32
xd_violence,videomae,pair_select,pair_select,frame_pr_auc,"auc(recall,precision)_trapezoids_with_PR_origin_not_step_AP",0.703350719336289,0.7094175578235132,0.6066838487224224,0.00015418849963476925,0.011738315755847202,0.005,True,0.648647598077293,0.6450585763610457,,,,,800,2330384,145703,145703,1568.0,941.0,0.6001275510204082,10000,10000,20260918,compressed_video_score_counts_sorted_once_batched_weighted_PR_trapezoids,2ae3acf7cf0fb2bc720582807c68ffa0e888d7c5ad2c2b0428037b11213c1a11,871090e4d310abedb1af462f7d0b3e46007286539ee3eb004af8c41dcade4961,65400771fdd007095ec58f9eeefd59d5c67e519539d4de837559b712d6907ae6,b56d555406b7b07ae8689148dfcc867685ff4141d4f053b3dfccb9a5e9ca6e26,4b273e634b61a9187ab8c64856f489ff97485b117742a249204df2cd57d1a90e,ed05f79c965d51f31608e0743abd37a373fb6828244c65c11249233528401fa7
xd_violence,videomae,group_uniform,group_uniform,frame_pr_auc,"auc(recall,precision)_trapezoids_with_PR_origin_not_step_AP",0.703350719336289,0.7147884923490424,1.1437773012753394,0.005805084417255857,0.017301124082204092,0.005,True,0.648647598077293,0.645610100007511,,,,,800,2330384,145703,145703,1568.0,941.0,0.6001275510204082,10000,10000,20260918,compressed_video_score_counts_sorted_once_batched_weighted_PR_trapezoids,c853577685dd32f10c7f6493bf1c5630dc9acf6e9dcf67e0c9b418aeedfcbb64,c9068d80ba58e7c0e208f9476256e48d2203b150c353c48095076835f8f103af,7a75594bd3ff00bafb7d59e2d0a3b4c8dd91577103b83116e3b914268022fc3b,e5d3fa867aa894bf5da674b75632d02e48df14881853fdf2e8bffd06b367ec50,4b273e634b61a9187ab8c64856f489ff97485b117742a249204df2cd57d1a90e,ed05f79c965d51f31608e0743abd37a373fb6828244c65c11249233528401fa7
xd_violence,videomae,group_random,group_random,frame_pr_auc,"auc(recall,precision)_trapezoids_with_PR_origin_not_step_AP",0.703350719336289,0.7142035628317709,1.0852843495481879,0.00421993989888568,0.017397936742438603,0.005,True,0.648647598077293,0.6414701617038548,,,,,800,2330384,145703,145703,1568.0,941.0,0.6001275510204082,10000,10000,20260918,compressed_video_score_counts_sorted_once_batched_weighted_PR_trapezoids,b66add3eb0860181ccced0c9af8e9e9734b21e67f866a1160ab90523df43d06c,3d11d767f62e55406ff21be9074d25bd98bd9655fb97819b0ad53b6572b980e9,cd0181eae273d50081edaeb4d19f4a5e426f2cb9cb7c91c8c3506746635eef68,27b6501200aa0b3b6cda7ec356a726276e06afaac180ff3439a3b400fb031625,4b273e634b61a9187ab8c64856f489ff97485b117742a249204df2cd57d1a90e,ed05f79c965d51f31608e0743abd37a373fb6828244c65c11249233528401fa7
xd_violence,timesformer,pair_select,pair_select,frame_pr_auc,"auc(recall,precision)_trapezoids_with_PR_origin_not_step_AP",0.7668943058776416,0.7736940346040294,0.6799728726387788,0.002168091286522489,0.011321022038965314,0.005,True,0.708628314762666,0.7204293744956656,,,,,800,2330384,291781,291781,1569.0,897.0,0.5717017208413002,10000,10000,20260918,compressed_video_score_counts_sorted_once_batched_weighted_PR_trapezoids,6164a91a4fb25306876757f723eb7ddb55cc80bfac3e854c80c6c508c93b3561,351208e0502f346a86ad650c347bfd569753dc348ac08ada7a700416ebb3138a,fdcf257b7799c31f0e3f608f80aa2f7be1a0b4abc415b101207c015a4cf68564,c7dd390a0675f5f34e104f0a44d5680339eedd88d484668e5347d6130b5c8790,85586f8959cebfdf280cf777cf912f354ae1a54280392608347bf40c7e05cf69,5f7e1fcc400ccbb9853fd71794e1ce73738d0c4ce84d5460d9d9d9c81cff7f75
xd_violence,timesformer,group_uniform,group_uniform,frame_pr_auc,"auc(recall,precision)_trapezoids_with_PR_origin_not_step_AP",0.7668943058776416,0.767940618811259,0.10463129336173438,-0.0016182202244158755,0.0036882180979640107,0.005,True,0.708628314762666,0.7107238967450193,,,,,800,2330384,291781,291781,1569.0,897.0,0.5717017208413002,10000,10000,20260918,compressed_video_score_counts_sorted_once_batched_weighted_PR_trapezoids,b7351221645bfe0268901dcf1e2634fc9fbd5be287a50e4167f1bb15ba711944,1ea644832d3889a13aa051826714a765c37bfd3410cf5ef92f95e7f271619525,0e9fc781c3af14210535cf4e132d799f357f1f3ef29f1c3808ebf0d4b406c1f1,bd559af5d0ad6b3ec9a628a6142e4a239255c43ebad5b46fa36dcb5e5b54ca03,85586f8959cebfdf280cf777cf912f354ae1a54280392608347bf40c7e05cf69,5f7e1fcc400ccbb9853fd71794e1ce73738d0c4ce84d5460d9d9d9c81cff7f75
xd_violence,timesformer,group_random,group_random,frame_pr_auc,"auc(recall,precision)_trapezoids_with_PR_origin_not_step_AP",0.7668943058776416,0.7657950515478479,-0.10992543297937418,-0.0036135997032851726,0.0014116561424207105,0.005,True,0.708628314762666,0.7075783463698816,,,,,800,2330384,291781,291781,1569.0,897.0,0.5717017208413002,10000,10000,20260918,compressed_video_score_counts_sorted_once_batched_weighted_PR_trapezoids,08734599aca22a984d0b53585060b733d1ae881fd7f09f9e1f86f7d85d51fdf9,4cc7b06d1e9979566bcb999ff55e9094a25395043525a2e470bff8e2c37d39ae,7f054b62677b811abe32c468d20288fde8a6aeb7981772456b571c268cf27c78,042e72ae87413852b351171da0a6eaf794f3c67e34d096687d37e18298d64b2c,85586f8959cebfdf280cf777cf912f354ae1a54280392608347bf40c7e05cf69,5f7e1fcc400ccbb9853fd71794e1ce73738d0c4ce84d5460d9d9d9c81cff7f75
