dataset,encoder,keep_ratio,primary_metric,quality_0_100,step_ap_0_100,delta_pp,ci_low_pp,ci_high_pp
ucf_crime,videomaev2,1.0,ROC-AUC,80.63195770986712,19.29173007969029,0,,
ucf_crime,videomaev2,0.8,ROC-AUC,80.89893986125115,19.326528419327555,0.2669821513840276,-0.592521078072734,1.2077500320593244
ucf_crime,videomaev2,0.6,ROC-AUC,81.01937062483191,19.601799479996377,0.3874129149647798,-0.9435274264536343,1.9043476561958588
ucf_crime,videomaev2,0.4,ROC-AUC,80.94647614626278,19.77448470866595,0.3145184363956588,-2.2652168553482475,2.942936589031953
ucf_crime,videomae,1.0,ROC-AUC,80.54874498911657,18.821151875422874,0,,
ucf_crime,videomae,0.8,ROC-AUC,80.54307459002435,18.832643384368808,-0.005670399092224443,-0.5444900577328154,0.6113049868479241
ucf_crime,videomae,0.6,ROC-AUC,80.38860814294985,18.992761442983912,-0.1601368461667252,-0.7525237980402739,0.5020121235857814
ucf_crime,videomae,0.4,ROC-AUC,79.49564989622199,18.768600489471144,-1.05309509289458,-2.9498644650144117,0.5454685240222039
ucf_crime,timesformer,1.0,ROC-AUC,78.6800666468279,20.366241466696284,0,,
ucf_crime,timesformer,0.8,ROC-AUC,78.74328978993897,20.714591536982397,0.06322314311107391,-0.5438258326179979,0.6737046586126565
ucf_crime,timesformer,0.6,ROC-AUC,78.67871291053665,20.89803456768484,-0.001353736291243024,-1.1192778445950105,1.1100205224777613
ucf_crime,timesformer,0.4,ROC-AUC,79.23764441624496,21.897555654180145,0.5575777694170654,-1.435274482590791,2.521632627178079
ucf_crime,clip,1.0,ROC-AUC,88.86760728901018,34.74229033086944,0,,
ucf_crime,clip,0.8,ROC-AUC,88.54203840026437,34.104093130183955,-0.32556888874580636,-0.7597549317998704,0.05623587079067738
ucf_crime,clip,0.6,ROC-AUC,87.9660517320109,34.360191965912215,-0.9015555569992841,-2.071546714014956,0.2145302704161911
ucf_crime,clip,0.4,ROC-AUC,87.06479146864076,34.769210523243935,-1.8028158203694176,-3.7253643688696005,-0.0026722631610457273
xd_violence,videomaev2,1.0,trapezoidal PR-AUC,76.1810754931657,70.3330098598189,0,,
xd_violence,videomaev2,0.8,trapezoidal PR-AUC,76.51909327288989,70.9714043908918,0.338017779724197,0.1252504224761053,0.5723559083525317
xd_violence,videomaev2,0.6,trapezoidal PR-AUC,76.50587559095415,71.2977316810731,0.324800097788458,-0.0554292505911691,0.7477656173666709
xd_violence,videomaev2,0.4,trapezoidal PR-AUC,75.81005904763063,71.1076645989119,-0.3710164455350622,-1.036160562377177,0.3955145965142781
xd_violence,videomae,1.0,trapezoidal PR-AUC,70.3350719336289,64.8647598077293,0,,
xd_violence,videomae,0.8,trapezoidal PR-AUC,70.65893870238811,65.10526064031905,0.32386676875921694,-0.02152600166984181,0.6723639947694822
xd_violence,videomae,0.6,trapezoidal PR-AUC,70.94175578235132,64.50585763610457,0.6066838487224224,0.015418849963476925,1.1738315755847202
xd_violence,videomae,0.4,trapezoidal PR-AUC,71.11139776202779,63.47059451064986,0.7763258283988961,-0.09246516365720657,1.6409119901091438
xd_violence,timesformer,1.0,trapezoidal PR-AUC,76.68943058776416,70.86283147626659,0,,
xd_violence,timesformer,0.8,trapezoidal PR-AUC,77.2098936249676,71.62606690087094,0.5204630372034416,0.3010069707474419,0.7289844451526467
xd_violence,timesformer,0.6,trapezoidal PR-AUC,77.36940346040294,72.04293744956655,0.6799728726387788,0.21680912865224888,1.1321022038965314
xd_violence,timesformer,0.4,trapezoidal PR-AUC,77.0468107969046,72.02819282268807,0.35738020914043034,-0.40327646520439686,1.0921056275477694
xd_violence,clip,1.0,step AP,85.59647188446115,85.59647188446115,0,,
xd_violence,clip,0.8,step AP,85.49002315212493,85.49002315212493,-0.10644873233621865,-0.3772602216113688,0.1727360775211528
xd_violence,clip,0.6,step AP,85.35344368090614,85.35344368090614,-0.24302820355501353,-1.0028796471815349,0.4956803803036918
xd_violence,clip,0.4,step AP,84.3791712224488,84.3791712224488,-1.2173006620123488,-2.7128482001912313,0.2515117072594699
